date,Growth_detrended,Value_detrended
2020-10-12 00:00:00-04:00,0.0,0.0
2020-10-13 00:00:00-04:00,-0.00047463968604966045,-0.005019146625935722
2020-10-14 00:00:00-04:00,-0.005610594196029162,-0.006211071937222923
2020-10-15 00:00:00-04:00,-0.008239209957719318,-0.002187452494681552
2020-10-16 00:00:00-04:00,-0.00847087818268455,-0.00013211340694685436
2020-10-19 00:00:00-04:00,-0.021118093611003586,-0.011506084086651325
2020-10-20 00:00:00-04:00,-0.01539262262711849,-0.00597609291172474
2020-10-21 00:00:00-04:00,-0.015566022574525329,-0.008454217932453378
2020-10-22 00:00:00-04:00,-0.01489220768650723,0.004046435405124615
2020-10-23 00:00:00-04:00,-0.008631759869779376,0.005182986103857368
2020-10-26 00:00:00-04:00,-0.022431446965091584,-0.013984318867196532
2020-10-27 00:00:00-04:00,-0.01566677934791505,-0.023964212607046398
2020-10-28 00:00:00-04:00,-0.04840459352635074,-0.04858663182182121
2020-10-29 00:00:00-04:00,-0.032924087556757575,-0.03768041629816554
2020-10-30 00:00:00-04:00,-0.05195311526661717,-0.036416592717179785
2020-11-02 00:00:00-05:00,-0.04410995674180129,-0.017222416409109487
2020-11-03 00:00:00-05:00,-0.02578782073911312,0.0006370502876495987
2020-11-04 00:00:00-05:00,0.01377146888013081,0.0005862401734043621
2020-11-05 00:00:00-05:00,0.034265342427563406,0.01643094200310491
2020-11-06 00:00:00-05:00,0.03398512806920706,0.013169217171715819
2020-11-09 00:00:00-05:00,0.014866918815923058,0.052157673340630706
2020-11-10 00:00:00-05:00,0.001062252820399956,0.06052078297392438
2020-11-11 00:00:00-05:00,0.018749532302898553,0.054909883919143976
2020-11-12 00:00:00-05:00,0.012036318234819099,0.03948530153948193
2020-11-13 00:00:00-05:00,0.01813386285211782,0.057320268252549655
2020-11-16 00:00:00-05:00,0.022538043559002463,0.07347123218890184
2020-11-17 00:00:00-05:00,0.02033008288875271,0.06614840978338732
2020-11-18 00:00:00-05:00,0.010951498659827585,0.05217193515363583
2020-11-19 00:00:00-05:00,0.017052626205615873,0.053813558319039
2020-11-20 00:00:00-05:00,0.010244988771140662,0.04691957812583458
2020-11-23 00:00:00-05:00,0.010568934494320392,0.05922405848132506
2020-11-24 00:00:00-05:00,0.019783581970428066,0.07901854160765853
2020-11-25 00:00:00-05:00,0.024207088461174475,0.0699660415458554
2020-11-27 00:00:00-05:00,0.030676896183918778,0.06710090105596955
2020-11-30 00:00:00-05:00,0.031164733826521407,0.053420140277224304
2020-12-01 00:00:00-05:00,0.04129413673090987,0.06194935656539147
2020-12-02 00:00:00-05:00,0.03759697915821225,0.06559098663575869
2020-12-03 00:00:00-05:00,0.03626991138804603,0.06600070728914109
2020-12-04 00:00:00-05:00,0.04152329522630238,0.07777598101797989
2020-12-07 00:00:00-05:00,0.04404377379318514,0.06989235128675375
2020-12-08 00:00:00-05:00,0.046530321847050304,0.07145752077200251
2020-12-09 00:00:00-05:00,0.028530263209964435,0.06827543136466896
2020-12-10 00:00:00-05:00,0.03072466481272751,0.06507879968316144
2020-12-11 00:00:00-05:00,0.028704628239471952,0.06168710876061345
2020-12-14 00:00:00-05:00,0.031152315877314707,0.049632002710817025
2020-12-15 00:00:00-05:00,0.041530090600700786,0.06404493993177796
2020-12-16 00:00:00-05:00,0.04644168780588487,0.0595936177663936
2020-12-17 00:00:00-05:00,0.05494772988392438,0.06380557366951711
2020-12-18 00:00:00-05:00,0.0539155021989276,0.057550821384022344
2020-12-21 00:00:00-05:00,0.05073018467522439,0.051389147537450386
2020-12-22 00:00:00-05:00,0.05417642501537223,0.04416965698371755
2020-12-23 00:00:00-05:00,0.04705934936032974,0.051197984984695744
2020-12-24 00:00:00-05:00,0.050182036503988,0.0523521828489002
2020-12-28 00:00:00-05:00,0.05832316107183755,0.054824257813630206
2020-12-29 00:00:00-05:00,0.0547304920941174,0.05014448422167006
2020-12-30 00:00:00-05:00,0.05321673505994973,0.05435875086575881
2020-12-31 00:00:00-05:00,0.05508109064015254,0.06204149057954167
2021-01-04 00:00:00-05:00,0.03826294989400503,0.045857510018362246
2021-01-05 00:00:00-05:00,0.043921108173622936,0.05488422198813381
2021-01-06 00:00:00-05:00,0.031876444624788,0.08035883831315282
2021-01-07 00:00:00-05:00,0.05472733040053468,0.08825745244500283
2021-01-08 00:00:00-05:00,0.06393940930394804,0.08750784670390388
2021-01-11 00:00:00-05:00,0.050344296675535416,0.08664852244782573
2021-01-12 00:00:00-05:00,0.0477655493647573,0.0875020999735987
2021-01-13 00:00:00-05:00,0.0517169937535249,0.08826756449155426
2021-01-14 00:00:00-05:00,0.041131681051620905,0.09080107457662123
2021-01-15 00:00:00-05:00,0.035137494441426886,0.08199938062412548
2021-01-19 00:00:00-05:00,0.04633603967514088,0.08596785393544515
2021-01-20 00:00:00-05:00,0.06839112622161148,0.08731767209847807
2021-01-21 00:00:00-05:00,0.0731865645496863,0.07886016911113414
2021-01-22 00:00:00-05:00,0.07189513350642329,0.07212972597774248
2021-01-25 00:00:00-05:00,0.07824874853820618,0.06771842659251925
2021-01-26 00:00:00-05:00,0.07567191685043717,0.06346907659167966
2021-01-27 00:00:00-05:00,0.04693128679698,0.048131559987541594
2021-01-28 00:00:00-05:00,0.05370036779514842,0.042388693334756145
2021-01-29 00:00:00-05:00,0.031656708277934875,0.029245132129831486
2021-02-01 00:00:00-05:00,0.05347630086660038,0.04064845568491071
2021-02-02 00:00:00-05:00,0.06898734920316363,0.0505440687651213
2021-02-03 00:00:00-05:00,0.06601261296423622,0.05503296282945547
2021-02-04 00:00:00-05:00,0.07653089602138907,0.06100456957435374
2021-02-05 00:00:00-05:00,0.0800385954741496,0.07961286854724015
2021-02-08 00:00:00-05:00,0.08474027261966621,0.08178349263162477
2021-02-09 00:00:00-05:00,0.08334238961979379,0.08553525199002299
2021-02-10 00:00:00-05:00,0.0807697713081943,0.09209908350507034
2021-02-11 00:00:00-05:00,0.08412470974551267,0.08854161229204394
2021-02-12 00:00:00-05:00,0.0885618537957642,0.08369166070864376
2021-02-16 00:00:00-05:00,0.08279619430921659,0.0973681502571282
2021-02-17 00:00:00-05:00,0.07823412816917918,0.0890140726133104
2021-02-18 00:00:00-05:00,0.0731933818727557,0.08607072647908387
2021-02-19 00:00:00-05:00,0.06621180345358857,0.08965438244150992
2021-02-22 00:00:00-05:00,0.04199090798520433,0.08609650384113188
2021-02-23 00:00:00-05:00,0.03885043619946105,0.09550112623868223
2021-02-24 00:00:00-05:00,0.045889679238947156,0.0968055633797531
2021-02-25 00:00:00-05:00,0.012306294014615027,0.11187900163908449
2021-02-26 00:00:00-05:00,0.015895368642365293,0.08782656715880255
2021-03-01 00:00:00-05:00,0.04298576446684477,0.09130161864406472
2021-03-02 00:00:00-05:00,0.028231099378193347,0.09845507755343363
2021-03-03 00:00:00-05:00,-0.0001940791642955908,0.09284971651343366
2021-03-04 00:00:00-05:00,-0.018467282072827773,0.08855378333399222
2021-03-05 00:00:00-05:00,-0.0031469016915603998,0.08678832089170019
2021-03-08 00:00:00-05:00,-0.024677791729309284,0.10545961688425765
2021-03-09 00:00:00-05:00,0.007931925781187177,0.11136982914642757
2021-03-10 00:00:00-05:00,0.0066872234509574024,0.11250929657464437
2021-03-11 00:00:00-05:00,0.02847030302266207,0.12237058342324936
2021-03-12 00:00:00-05:00,0.021741799362565484,0.12540518458159866
2021-03-15 00:00:00-04:00,0.03170875528318007,0.13271978380225935
2021-03-16 00:00:00-04:00,0.033877287632245956,0.13331311298937365
2021-03-17 00:00:00-04:00,0.03434955362534775,0.12580139941660984
2021-03-18 00:00:00-04:00,0.007487248924541889,0.12863051763447597
2021-03-19 00:00:00-04:00,0.011362257772432605,0.11769195504646346
2021-03-22 00:00:00-04:00,0.02604138549818691,0.11298709192475997
2021-03-23 00:00:00-04:00,0.022200147823195904,0.10712923694203647
2021-03-24 00:00:00-04:00,0.007490651976884033,0.10120242000804636
2021-03-25 00:00:00-04:00,0.006440982137931872,0.09102730511727208
2021-03-26 00:00:00-04:00,0.02301877688066578,0.1150686671965433
2021-03-29 00:00:00-04:00,0.02188354487648092,0.11989741016935085
2021-03-30 00:00:00-04:00,0.015718366044605192,0.11956793478645311
2021-03-31 00:00:00-04:00,0.0297427219940114,0.12090753398389098
2021-04-01 00:00:00-04:00,0.04623905598782496,0.1192688646551825
2021-04-05 00:00:00-04:00,0.0645139362834175,0.1337526987940829
2021-04-06 00:00:00-04:00,0.06396355044639446,0.13303547977913732
2021-04-07 00:00:00-04:00,0.06649173205982173,0.13534182027154285
2021-04-08 00:00:00-04:00,0.07736200211477051,0.12970398155126772
2021-04-09 00:00:00-04:00,0.08676510190435649,0.13164279082051888
2021-04-12 00:00:00-04:00,0.08597639289053505,0.13507106051140116
2021-04-13 00:00:00-04:00,0.09724896602181898,0.13081172509050787
2021-04-14 00:00:00-04:00,0.08402871717346505,0.12961984816427896
2021-04-15 00:00:00-04:00,0.1022572922461431,0.137442419639777
2021-04-16 00:00:00-04:00,0.10278938103614266,0.1478019339167882
2021-04-19 00:00:00-04:00,0.09291842517333015,0.1441970483386561
2021-04-20 00:00:00-04:00,0.0857480549784091,0.13422708624212554
2021-04-21 00:00:00-04:00,0.09391301459235435,0.12436486785455081
2021-04-22 00:00:00-04:00,0.08310980182205285,0.1387664362526042
2021-04-23 00:00:00-04:00,0.09718657509333406,0.12979100477308858
2021-04-26 00:00:00-04:00,0.10204285112310152,0.14360139634095748
2021-04-27 00:00:00-04:00,0.0982676162319609,0.1402061525676852
2021-04-28 00:00:00-04:00,0.09383251416816063,0.14330309206682745
2021-04-29 00:00:00-04:00,0.09575598894680959,0.14935628934245826
2021-04-30 00:00:00-04:00,0.08731641228264997,0.14397471949832563
2021-05-03 00:00:00-04:00,0.08315073328747302,0.14870288543269616
2021-05-04 00:00:00-04:00,0.06520311337874318,0.1438994698019589
2021-05-05 00:00:00-04:00,0.06048271246324921,0.15163092419422797
2021-05-06 00:00:00-04:00,0.06533266478635014,0.15186615504588907
2021-05-07 00:00:00-04:00,0.07319553230157139,0.15595377835493496
2021-05-10 00:00:00-04:00,0.04984495618225848,0.1745813818868549
2021-05-11 00:00:00-04:00,0.046507263250395114,0.14925147785799253
2021-05-12 00:00:00-04:00,0.018779459813400345,0.12332340981956746
2021-05-13 00:00:00-04:00,0.0279393261336367,0.13978254230242393
2021-05-14 00:00:00-04:00,0.04811749194540771,0.14606126763666483
2021-05-17 00:00:00-04:00,0.04259964986814402,0.1528880081654609
2021-05-18 00:00:00-04:00,0.03577229500457291,0.13995964149361706
2021-05-19 00:00:00-04:00,0.03551970889437528,0.12452200785260836
2021-05-20 00:00:00-04:00,0.05343907855818153,0.13123422925810102
2021-05-21 00:00:00-04:00,0.04775184753042727,0.1426803175423954
2021-05-24 00:00:00-04:00,0.0628964883460783,0.14662897292112653
2021-05-25 00:00:00-04:00,0.06394468887149962,0.14922983361805642
2021-05-26 00:00:00-04:00,0.06605279355532123,0.1407681943036072
2021-05-27 00:00:00-04:00,0.06182705231778618,0.14874992802762876
2021-05-28 00:00:00-04:00,0.06346279778462471,0.15164721876056952
2021-06-01 00:00:00-04:00,0.0581812576276306,0.15789540957325277
2021-06-02 00:00:00-04:00,0.05995653690435043,0.15393250793643354
2021-06-03 00:00:00-04:00,0.050380358541061376,0.14469973391779578
2021-06-04 00:00:00-04:00,0.06558487266343005,0.1532619043278698
2021-06-07 00:00:00-04:00,0.06889434787176407,0.15432924716744045
2021-06-08 00:00:00-04:00,0.06997182791464152,0.1475177041821436
2021-06-09 00:00:00-04:00,0.06967527794692896,0.1475774099658611
2021-06-10 00:00:00-04:00,0.08125371882248666,0.14784475684292353
2021-06-11 00:00:00-04:00,0.0838165064470271,0.1427414347726026
2021-06-14 00:00:00-04:00,0.09305900353421026,0.1404539637375437
2021-06-15 00:00:00-04:00,0.08553498114278035,0.1354772048240973
2021-06-16 00:00:00-04:00,0.08093223964344376,0.13376885750453282
2021-06-17 00:00:00-04:00,0.09462285274415105,0.1088480610421172
2021-06-18 00:00:00-04:00,0.08626672330094576,0.08546945287588459
2021-06-21 00:00:00-04:00,0.09542919536302241,0.10863649797085406
2021-06-22 00:00:00-04:00,0.10593467804907153,0.10950755593223671
2021-06-23 00:00:00-04:00,0.10549650849599068,0.10660699501604487
2021-06-24 00:00:00-04:00,0.1112021023775458,0.11456719514704328
2021-06-25 00:00:00-04:00,0.11187479875950279,0.11636429580707675
2021-06-28 00:00:00-04:00,0.12137950169362322,0.12226623804219439
2021-06-29 00:00:00-04:00,0.12458475247805012,0.11755671246072286
2021-06-30 00:00:00-04:00,0.1212797659045457,0.10964927324401885
2021-07-01 00:00:00-04:00,0.12396729492773151,0.11844596828352505
2021-07-02 00:00:00-04:00,0.13658948177097519,0.12278637904831657
2021-07-06 00:00:00-04:00,0.14231810952473167,0.12105657345638687
2021-07-07 00:00:00-04:00,0.14485566038677455,0.10912062850278414
2021-07-08 00:00:00-04:00,0.1355704379981415,0.09632731004003925
2021-07-09 00:00:00-04:00,0.14502496544905275,0.10951969107264903
2021-07-12 00:00:00-04:00,0.146607711015033,0.122190765826663
2021-07-13 00:00:00-04:00,0.1436114787192475,0.11163214884077344
2021-07-14 00:00:00-04:00,0.14388612870472262,0.11427302209275503
2021-07-15 00:00:00-04:00,0.13619048997201455,0.10161242030916195
2021-07-16 00:00:00-04:00,0.12776666589129237,0.11124763258452264
2021-07-19 00:00:00-04:00,0.11396087809392008,0.07913874516076747
2021-07-20 00:00:00-04:00,0.1319598682198342,0.07441490095048642
2021-07-21 00:00:00-04:00,0.14040835873090618,0.10002649378065431
2021-07-22 00:00:00-04:00,0.14767895524494068,0.103442793011159
2021-07-23 00:00:00-04:00,0.16401638039801236,0.10360729617916409
2021-07-26 00:00:00-04:00,0.16376154860387704,0.10534768689113028
2021-07-27 00:00:00-04:00,0.15061230215010668,0.10416115129027181
2021-07-28 00:00:00-04:00,0.15273601323687158,0.11126721801499384
2021-07-29 00:00:00-04:00,0.15363432048016468,0.11523277343088933
2021-07-30 00:00:00-04:00,0.14336829830226705,0.11086134215518051
2021-08-02 00:00:00-04:00,0.14113062526562392,0.10502238622261673
2021-08-03 00:00:00-04:00,0.14834305297780737,0.11385888724585702
2021-08-04 00:00:00-04:00,0.14794496911387278,0.10482782714838068
2021-08-05 00:00:00-04:00,0.15517012337003666,0.10280090905394701
2021-08-06 00:00:00-04:00,0.1485662394626288,0.1096675329402419
2021-08-09 00:00:00-04:00,0.14763133807909457,0.10937401019119108
2021-08-10 00:00:00-04:00,0.14058533799140305,0.10789778455376942
2021-08-11 00:00:00-04:00,0.13717877943125778,0.11658019714035461
2021-08-12 00:00:00-04:00,0.14219502596924571,0.11942906865658487
2021-08-13 00:00:00-04:00,0.14386764129841656,0.12077450326877393
2021-08-16 00:00:00-04:00,0.14481496098344038,0.1119488234484518
2021-08-17 00:00:00-04:00,0.1318098242443444,0.1081878984585678
2021-08-18 00:00:00-04:00,0.1185245686409453,0.10313996600500874
2021-08-19 00:00:00-04:00,0.12114296495682542,0.08132180514771292
2021-08-20 00:00:00-04:00,0.13282558949750922,0.0843033104531492
2021-08-23 00:00:00-04:00,0.14647305512631492,0.09814260004521214
2021-08-24 00:00:00-04:00,0.14823181452202738,0.10024776890438303
2021-08-25 00:00:00-04:00,0.14895223734697827,0.10083700002428397
2021-08-26 00:00:00-04:00,0.14072899037103048,0.10361120881614538
2021-08-27 00:00:00-04:00,0.1517940896593788,0.09691960559305879
2021-08-30 00:00:00-04:00,0.1631825503409814,0.1051199704746777
2021-08-31 00:00:00-04:00,0.15806048425541253,0.09833945042414483
2021-09-01 00:00:00-04:00,0.15915868751292117,0.09839707043584056
2021-09-02 00:00:00-04:00,0.15815328607367451,0.09895696178990776
2021-09-03 00:00:00-04:00,0.1607272086028564,0.09700935459177384
2021-09-07 00:00:00-04:00,0.15915185561351208,0.09271684348736353
2021-09-08 00:00:00-04:00,0.15373750293108834,0.08181199153662644
2021-09-09 00:00:00-04:00,0.1474741982373735,0.075789248723932
2021-09-10 00:00:00-04:00,0.13591615812904778,0.08081543264025726
2021-09-13 00:00:00-04:00,0.13277825726128079,0.07352434848328637
2021-09-14 00:00:00-04:00,0.12859284329076992,0.07415730467872028
2021-09-15 00:00:00-04:00,0.13671669970559996,0.056967761481138135
2021-09-16 00:00:00-04:00,0.13745112857779995,0.06815612256332604
2021-09-17 00:00:00-04:00,0.12247655546233216,0.06010472453434823
2021-09-20 00:00:00-04:00,0.09766792461188811,0.034175996729570945
2021-09-21 00:00:00-04:00,0.09942405289286804,0.04051397768032672
2021-09-22 00:00:00-04:00,0.10978939313356118,0.03836527965855541
2021-09-23 00:00:00-04:00,0.12109921793058342,0.04704062233657291
2021-09-24 00:00:00-04:00,0.12082756036818187,0.05436224571133352
2021-09-27 00:00:00-04:00,0.10887603519530153,0.05996350405051709
2021-09-28 00:00:00-04:00,0.07268041239906387,0.057434045839924064
2021-09-29 00:00:00-04:00,0.07059360930218661,0.046739964238734055
2021-09-30 00:00:00-04:00,0.06079926155311677,0.05090440862892387
2021-10-01 00:00:00-04:00,0.0723002998396216,0.03353129024318724
2021-10-04 00:00:00-04:00,0.04521878006065938,0.0407121824883343
2021-10-05 00:00:00-04:00,0.06001158477668733,0.03884170113551888
2021-10-06 00:00:00-04:00,0.06686864303232887,0.03321837643572789
2021-10-07 00:00:00-04:00,0.07815361696511913,0.053516660582561215
2021-10-08 00:00:00-04:00,0.07219988576258451,0.05521776364617015
2021-10-11 00:00:00-04:00,0.06419218665753879,0.05302611555677905
2021-10-12 00:00:00-04:00,0.062753356526005,0.041852913609793374
2021-10-13 00:00:00-04:00,0.07053356421971779,0.03839957824369522
2021-10-14 00:00:00-04:00,0.0910547593804536,0.04943925771921065
2021-10-15 00:00:00-04:00,0.09942399159981785,0.065945898584572
2021-10-18 00:00:00-04:00,0.11034427185990747,0.058456585686005536
2021-10-19 00:00:00-04:00,0.11761324208615798,0.06472442140774759
2021-10-20 00:00:00-04:00,0.11461589493954993,0.0695040528330988
2021-10-21 00:00:00-04:00,0.12362116601185913,0.07782879894176253
2021-10-22 00:00:00-04:00,0.11633037959926273,0.07661993672301803
2021-10-25 00:00:00-04:00,0.12516239173285926,0.0815984004893513
2021-10-26 00:00:00-04:00,0.12622106218645945,0.08268765201192307
2021-10-27 00:00:00-04:00,0.12502976221915874,0.07814667165007227
2021-10-28 00:00:00-04:00,0.13824228148079243,0.061926148921913615
2021-10-29 00:00:00-04:00,0.14329787031140429,0.06778205782638747
2021-11-01 00:00:00-04:00,0.14278243199424412,0.07303908874400067
2021-11-02 00:00:00-04:00,0.14600146154016058,0.0762871987692908
2021-11-03 00:00:00-04:00,0.15517065491602922,0.0735962154220613
2021-11-04 00:00:00-04:00,0.1678409080353045,0.08360799009509945
2021-11-05 00:00:00-04:00,0.1686311985658815,0.08316663352659837
2021-11-08 00:00:00-05:00,0.16855151751341646,0.08685101176614407
2021-11-09 00:00:00-05:00,0.16104860222476902,0.08147211113965791
2021-11-10 00:00:00-05:00,0.14028191842653603,0.07729068124092575
2021-11-11 00:00:00-05:00,0.14111221775747684,0.07468889230183806
2021-11-12 00:00:00-05:00,0.15507809937532446,0.07581964246464756
2021-11-15 00:00:00-05:00,0.1525564496533618,0.07919696923957442
2021-11-16 00:00:00-05:00,0.1639636849728794,0.07585349165283772
2021-11-17 00:00:00-05:00,0.15983471353593992,0.06952043588389145
2021-11-18 00:00:00-05:00,0.16914358920097095,0.06390453153421971
2021-11-19 00:00:00-05:00,0.17234086747308974,0.05425527488537529
2021-11-22 00:00:00-05:00,0.15441499998732144,0.05017485492209128
2021-11-23 00:00:00-05:00,0.1474832154030914,0.051870959372217085
2021-11-24 00:00:00-05:00,0.15414139194914078,0.05346282456493978
2021-11-26 00:00:00-05:00,0.12394009130974037,0.03014519011611183
2021-11-29 00:00:00-05:00,0.1471353974757883,0.0376722832233809
2021-11-30 00:00:00-05:00,0.12496298719007792,0.019705938072465123
2021-12-01 00:00:00-05:00,0.1008249905898484,0.014236220120383614
2021-12-02 00:00:00-05:00,0.11319731351345541,-0.008955981491335807
2021-12-03 00:00:00-05:00,0.09074722522697143,0.01748204675088516
2021-12-06 00:00:00-05:00,0.102113293095067,0.019048983500959293
2021-12-07 00:00:00-05:00,0.13854418345746988,0.036097510282187883
2021-12-08 00:00:00-05:00,0.14627182822063434,0.041279682521727645
2021-12-09 00:00:00-05:00,0.12786986856823668,0.03556820666545013
2021-12-10 00:00:00-05:00,0.14011253096323162,0.04107713162689097
2021-12-13 00:00:00-05:00,0.12171979134181066,0.034081714945729535
2021-12-14 00:00:00-05:00,0.10390578547228624,0.02835128833567646
2021-12-15 00:00:00-05:00,0.13104356134817796,0.030266130451543916
2021-12-16 00:00:00-05:00,0.10017698348852377,0.04811895631028307
2021-12-17 00:00:00-05:00,0.09349294179529144,0.04015346669340758
2021-12-20 00:00:00-05:00,0.07571996399401781,0.014366831664090585
2021-12-21 00:00:00-05:00,0.1040919927413253,0.023119438937001524
2021-12-22 00:00:00-05:00,0.11919348627394433,0.031836842878057325
2021-12-23 00:00:00-05:00,0.12752966181602776,0.0448145719362365
2021-12-27 00:00:00-05:00,0.14602810826043355,0.04912879887815724
2021-12-28 00:00:00-05:00,0.13850469848728264,0.060682508508492994
2021-12-29 00:00:00-05:00,0.13765346196609163,0.0624725365948644
2021-12-30 00:00:00-05:00,0.1316665872616789,0.06665285792403952
2021-12-31 00:00:00-05:00,0.12310592030832801,0.061465743663556394
2022-01-03 00:00:00-05:00,0.13126192698718975,0.06399255972017426
2022-01-04 00:00:00-05:00,0.11573533509038647,0.0727648926732285
2022-01-05 00:00:00-05:00,0.07223070233925144,0.08005336729440238
2022-01-06 00:00:00-05:00,0.06748805070521846,0.06960420723450689
2022-01-07 00:00:00-05:00,0.05240225764325812,0.0657123773819488
2022-01-10 00:00:00-05:00,0.05020644091129989,0.06708078338687073
2022-01-11 00:00:00-05:00,0.06371109485925386,0.06686166257985415
2022-01-12 00:00:00-05:00,0.06669633914251172,0.07719957010709066
2022-01-13 00:00:00-05:00,0.033571246745080385,0.07777360127829436
2022-01-14 00:00:00-05:00,0.035709139138454526,0.059684342555260006
2022-01-18 00:00:00-05:00,0.006272466574318125,0.057314379040485974
2022-01-19 00:00:00-05:00,-0.007566823805605027,0.05086587971071599
2022-01-20 00:00:00-05:00,-0.023748392959282993,0.03555521676141282
2022-01-21 00:00:00-05:00,-0.05428163443684553,0.019549468671895553
2022-01-24 00:00:00-05:00,-0.04660224379813638,-0.014935537550755384
2022-01-25 00:00:00-05:00,-0.07299741539689641,-0.01198445713639451
2022-01-26 00:00:00-05:00,-0.07167518025260966,-0.009479022295552086
2022-01-27 00:00:00-05:00,-0.08176617481449866,0.00013580509157695708
2022-01-28 00:00:00-05:00,-0.04196098539112181,-0.017646435315061604
2022-01-31 00:00:00-05:00,-0.006778748407610502,-0.002535787238016729
2022-02-01 00:00:00-05:00,0.0018659337407822552,0.01896079108247739
2022-02-02 00:00:00-05:00,0.009910468798857597,0.02816556740144538
2022-02-03 00:00:00-05:00,-0.036991853464354296,0.03274215914856038
2022-02-04 00:00:00-05:00,-0.02239315807436526,0.017751912513871648
2022-02-07 00:00:00-05:00,-0.031353391281851994,0.024377618740240026
2022-02-08 00:00:00-05:00,-0.018840740237991982,0.024162249268346203
2022-02-09 00:00:00-05:00,0.004888253340737281,0.04068960296223989
2022-02-10 00:00:00-05:00,-0.021743485874064383,0.03534323888690949
2022-02-11 00:00:00-05:00,-0.05564058888663759,0.027639656890689368
2022-02-14 00:00:00-05:00,-0.0556842095772383,0.01334686824635578
2022-02-15 00:00:00-05:00,-0.029527504356996914,0.012021795572647376
2022-02-16 00:00:00-05:00,-0.031310664000317345,0.01277678428243556
2022-02-17 00:00:00-05:00,-0.06599568620896967,0.010869069279265675
2022-02-18 00:00:00-05:00,-0.07888666377439146,-0.003964871168062656
2022-02-22 00:00:00-05:00,-0.09369508204978527,-0.00876805242876344
2022-02-23 00:00:00-05:00,-0.12216121756347542,-0.010811140862694524
2022-02-24 00:00:00-05:00,-0.08641265695859546,-0.05881611299021694
2022-02-25 00:00:00-05:00,-0.06772537653016641,-0.026874118238905842
2022-02-28 00:00:00-05:00,-0.06564495456435826,-0.01619041696518342
2022-03-01 00:00:00-05:00,-0.0832543657481597,-0.007195505922866108
2022-03-02 00:00:00-05:00,-0.06435786961914736,-0.016178698884684595
2022-03-03 00:00:00-05:00,-0.08106988801382498,0.006337066826313853
2022-03-04 00:00:00-05:00,-0.09861871719410287,-0.013590210089281296
2022-03-07 00:00:00-05:00,-0.14318781586483875,-0.008162993908733984
2022-03-08 00:00:00-05:00,-0.14830748517105818,-0.029801754296950866
2022-03-09 00:00:00-05:00,-0.10882138361952687,-0.022252040931637795
2022-03-10 00:00:00-05:00,-0.11759894754110234,-0.033886928604336175
2022-03-11 00:00:00-05:00,-0.1392504923871447,-0.0165996365144383
2022-03-14 00:00:00-04:00,-0.15707726422499935,-0.026916684757523512
2022-03-15 00:00:00-04:00,-0.12459110209564761,-0.018484543419629906
2022-03-16 00:00:00-04:00,-0.088651553667213,0.00158516868074976
2022-03-17 00:00:00-04:00,-0.07261842284441378,0.01714179748309408
2022-03-18 00:00:00-04:00,-0.04866893052881327,0.022249754845851122
2022-03-21 00:00:00-04:00,-0.0533631499244267,0.0241170312995731
2022-03-22 00:00:00-04:00,-0.032957865340771386,0.0320778319717947
2022-03-23 00:00:00-04:00,-0.049991377749655674,0.017079545119283557
2022-03-24 00:00:00-04:00,-0.02871835032658554,0.02973914133918254
2022-03-25 00:00:00-04:00,-0.030274955271569537,0.042145628814299396
2022-03-28 00:00:00-04:00,-0.012694660302447813,0.04125040627979648
2022-03-29 00:00:00-04:00,0.008743667650874087,0.0536008068383631
2022-03-30 00:00:00-04:00,-0.005834398726335621,0.0492419583510566
2022-03-31 00:00:00-04:00,-0.025913243371404215,0.0285980442009921
2022-04-01 00:00:00-04:00,-0.022311812486438765,0.03458050348213049
2022-04-04 00:00:00-04:00,-0.0012452091775980723,0.031945916801825236
2022-04-05 00:00:00-04:00,-0.02576206107115575,0.02151390603449932
2022-04-06 00:00:00-04:00,-0.052306095760767946,0.022702210483376062
2022-04-07 00:00:00-04:00,-0.04855581108294049,0.027636264518617448
2022-04-08 00:00:00-04:00,-0.061562490876752696,0.034063619562903824
2022-04-11 00:00:00-04:00,-0.08776024581720954,0.02141026165112092
2022-04-12 00:00:00-04:00,-0.09178322845712339,0.01713590998348491
2022-04-13 00:00:00-04:00,-0.072004984113331,0.02676851476697628
2022-04-14 00:00:00-04:00,-0.09433017179241321,0.01947095598318893
2022-04-18 00:00:00-04:00,-0.09570248565643968,0.01651543917041809
2022-04-19 00:00:00-04:00,-0.07097477951353004,0.034605227898075075
2022-04-20 00:00:00-04:00,-0.08198473690337305,0.043932216294467974
2022-04-21 00:00:00-04:00,-0.10380350232565716,0.026078493517375234
2022-04-22 00:00:00-04:00,-0.13574575536413325,-0.00907990687934035
2022-04-25 00:00:00-04:00,-0.12148860208258938,-0.008659189177652404
2022-04-26 00:00:00-04:00,-0.16234903353668328,-0.03482823993142348
2022-04-27 00:00:00-04:00,-0.15821298782403148,-0.03454628827720674
2022-04-28 00:00:00-04:00,-0.12149089519692424,-0.014719557058839206
2022-04-29 00:00:00-04:00,-0.1684336993743618,-0.020440956710408464
2022-05-02 00:00:00-04:00,-0.15406102104642505,-0.05285050882645326
2022-05-03 00:00:00-04:00,-0.15342229032753796,-0.04202573413611099
2022-05-04 00:00:00-04:00,-0.11795758494890585,-0.008826552805086152
2022-05-05 00:00:00-04:00,-0.17135448688429467,-0.04130451355833986
2022-05-06 00:00:00-04:00,-0.18275474710667217,-0.04538072565432483
2022-05-09 00:00:00-04:00,-0.22428524509168413,-0.08005415110922187
2022-05-10 00:00:00-04:00,-0.21518417655744937,-0.08355538614760993
2022-05-11 00:00:00-04:00,-0.2435574142820044,-0.0909599815237585
2022-05-12 00:00:00-04:00,-0.24311649030357096,-0.08941950671920518
2022-05-13 00:00:00-04:00,-0.20745814864774115,-0.06836069749766094
2022-05-16 00:00:00-04:00,-0.21792663761517628,-0.06731543990595523
2022-05-17 00:00:00-04:00,-0.19288932815815918,-0.045508638410744595
2022-05-18 00:00:00-04:00,-0.24126936303928015,-0.08673786040701525
2022-05-19 00:00:00-04:00,-0.2427987327813499,-0.09352435765714784
2022-05-20 00:00:00-04:00,-0.2438484300667203,-0.09021656443884907
2022-05-23 00:00:00-04:00,-0.22540898791497344,-0.06836589973012086
2022-05-24 00:00:00-04:00,-0.2447323978138316,-0.06768027357616124
2022-05-25 00:00:00-04:00,-0.22919646936856974,-0.058330916897149976
2022-05-26 00:00:00-04:00,-0.2016618582687495,-0.03984811973245872
2022-05-27 00:00:00-04:00,-0.16748189684392512,-0.01700399481351278
2022-05-31 00:00:00-04:00,-0.1723953021390856,-0.027841050370245535
2022-06-01 00:00:00-04:00,-0.17958271413733917,-0.03703516878104929
2022-06-02 00:00:00-04:00,-0.14943140539308164,-0.02219168763893098
2022-06-03 00:00:00-04:00,-0.17338563556612874,-0.03454622214385061
2022-06-06 00:00:00-04:00,-0.1680862442420994,-0.03174225774515649
2022-06-07 00:00:00-04:00,-0.15749390360636073,-0.01794358577633992
2022-06-08 00:00:00-04:00,-0.1650544487321879,-0.03480671910984601
2022-06-09 00:00:00-04:00,-0.19118481207188665,-0.062357883454041474
2022-06-10 00:00:00-04:00,-0.2271922598494166,-0.09027013894022762
2022-06-13 00:00:00-04:00,-0.2691243442884397,-0.13373611984394773
2022-06-14 00:00:00-04:00,-0.26711946765468375,-0.14156723043599495
2022-06-15 00:00:00-04:00,-0.243974526647186,-0.1320497842119952
2022-06-16 00:00:00-04:00,-0.28011789843988555,-0.1648922612605812
2022-06-17 00:00:00-04:00,-0.26841286810318477,-0.16736797262349645
2022-06-21 00:00:00-04:00,-0.24437735749316958,-0.14063273565577616
2022-06-22 00:00:00-04:00,-0.2430645636026908,-0.14197465565927003
2022-06-23 00:00:00-04:00,-0.22522737149108896,-0.1362053235133689
2022-06-24 00:00:00-04:00,-0.1889369524683443,-0.10463465389821436
2022-06-27 00:00:00-04:00,-0.19372012498580615,-0.10417297624550104
2022-06-28 00:00:00-04:00,-0.2201276461155992,-0.11850380567700691
2022-06-29 00:00:00-04:00,-0.21697705726125527,-0.12381738880948179
2022-06-30 00:00:00-04:00,-0.22692673987140455,-0.13169735356325707
2022-07-01 00:00:00-04:00,-0.2159144117105789,-0.11638568768652102
2022-07-05 00:00:00-04:00,-0.20238207662459207,-0.12365903579067083
2022-07-06 00:00:00-04:00,-0.19630292844021158,-0.1235444074396641
2022-07-07 00:00:00-04:00,-0.17637899396126888,-0.10808796557536104
2022-07-08 00:00:00-04:00,-0.17484828884128967,-0.11108066715199172
2022-07-11 00:00:00-04:00,-0.1900098100957932,-0.12006702424018201
2022-07-12 00:00:00-04:00,-0.2011667794309966,-0.1259399272562427
2022-07-13 00:00:00-04:00,-0.20250066168535596,-0.13216124117908556
2022-07-14 00:00:00-04:00,-0.19965661162263149,-0.1432647785259129
2022-07-15 00:00:00-04:00,-0.18136988626476247,-0.11820253586601015
2022-07-18 00:00:00-04:00,-0.189803653954434,-0.12377054853484504
2022-07-19 00:00:00-04:00,-0.16007635568773337,-0.09264822376976922
2022-07-20 00:00:00-04:00,-0.14757541677486263,-0.08827770572150317
2022-07-21 00:00:00-04:00,-0.13263721646843596,-0.0814851007582853
2022-07-22 00:00:00-04:00,-0.14588650284762306,-0.08904234125747856
2022-07-25 00:00:00-04:00,-0.14754972952490752,-0.08270903290151477
2022-07-26 00:00:00-04:00,-0.16441585208643084,-0.09050636765550091
2022-07-27 00:00:00-04:00,-0.1277747193648473,-0.07016674800009293
2022-07-28 00:00:00-04:00,-0.1111365469155492,-0.05841158075470654
2022-07-29 00:00:00-04:00,-0.09081110825572858,-0.04722716626821044
2022-08-01 00:00:00-04:00,-0.09253323944023939,-0.050082080261169004
2022-08-02 00:00:00-04:00,-0.09599913199243826,-0.05920629012861478
2022-08-03 00:00:00-04:00,-0.07234520326286176,-0.045931189050181453
2022-08-04 00:00:00-04:00,-0.06821926654715593,-0.05150408661737571
2022-08-05 00:00:00-04:00,-0.07066249681749648,-0.048799346553513034
2022-08-08 00:00:00-04:00,-0.07248155684955293,-0.045874075109519685
2022-08-09 00:00:00-04:00,-0.08158119503199401,-0.04718268363549072
2022-08-10 00:00:00-04:00,-0.052352901869413104,-0.023582583836912807
2022-08-11 00:00:00-04:00,-0.05742401318676138,-0.018454868094288868
2022-08-12 00:00:00-04:00,-0.03519147160084635,0.0005337959553235461
2022-08-15 00:00:00-04:00,-0.02801096902860767,0.0028587543757088163
2022-08-16 00:00:00-04:00,-0.027009846550853256,0.007636070114274585
2022-08-17 00:00:00-04:00,-0.03528112707863418,-0.0032925525784233134
2022-08-18 00:00:00-04:00,-0.0319349379252889,-0.00011378064532840959
2022-08-19 00:00:00-04:00,-0.049281005771277586,-0.014235413187427381
2022-08-22 00:00:00-04:00,-0.07404842638653641,-0.037957179157446674
2022-08-23 00:00:00-04:00,-0.0748299129116341,-0.039896028252430105
2022-08-24 00:00:00-04:00,-0.07060918870389798,-0.033949310299223656
2022-08-25 00:00:00-04:00,-0.05250938103360192,-0.0167766220966985
2022-08-26 00:00:00-04:00,-0.09280345860992711,-0.05239183975217476
2022-08-29 00:00:00-04:00,-0.10100548761363415,-0.057463257375544696
2022-08-30 00:00:00-04:00,-0.11078424724818947,-0.0706111804220213
2022-08-31 00:00:00-04:00,-0.11785095027744252,-0.0782582106926526
2022-09-01 00:00:00-04:00,-0.11607378124956647,-0.07444079101821921
2022-09-02 00:00:00-04:00,-0.12642314775836283,-0.08398889796272213
2022-09-06 00:00:00-04:00,-0.12907987650533914,-0.08838377355397342
2022-09-07 00:00:00-04:00,-0.10735395243403456,-0.06687674135201949
2022-09-08 00:00:00-04:00,-0.10015513136728371,-0.05503534787115738
2022-09-09 00:00:00-04:00,-0.07941737342416055,-0.03809016342897786
2022-09-12 00:00:00-04:00,-0.06522320319519648,-0.026594204486914297
2022-09-13 00:00:00-04:00,-0.11524541546729172,-0.07202738816315324
2022-09-14 00:00:00-04:00,-0.1082490569420449,-0.06990206917979624
2022-09-15 00:00:00-04:00,-0.12150379634373865,-0.07784492210721994
2022-09-16 00:00:00-04:00,-0.12818226778175157,-0.0881929906454495
2022-09-19 00:00:00-04:00,-0.11901175259567187,-0.0805063049062813
2022-09-20 00:00:00-04:00,-0.1267764248418124,-0.09741569065330857
2022-09-21 00:00:00-04:00,-0.14267207487531242,-0.11592828472759997
2022-09-22 00:00:00-04:00,-0.1519141218690061,-0.1257817962449077
2022-09-23 00:00:00-04:00,-0.1654808141156241,-0.14662552988434285
2022-09-26 00:00:00-04:00,-0.16976829326097742,-0.16299798808630883
2022-09-27 00:00:00-04:00,-0.16690674431406616,-0.1662861366806372
2022-09-28 00:00:00-04:00,-0.1475618425531937,-0.140165345010707
2022-09-29 00:00:00-04:00,-0.1691788050278238,-0.15924946628098313
2022-09-30 00:00:00-04:00,-0.18291582142906837,-0.17079363472725695
2022-10-03 00:00:00-04:00,-0.15941257223634098,-0.1387312788170394
2022-10-04 00:00:00-04:00,-0.12746927827801302,-0.1020822276790263
2022-10-05 00:00:00-04:00,-0.1264865263115038,-0.10556778181367954
2022-10-06 00:00:00-04:00,-0.1323326178359432,-0.11836717917816042
2022-10-07 00:00:00-04:00,-0.1634618105607354,-0.14322281813459203
2022-10-10 00:00:00-04:00,-0.1707637766480361,-0.14908700398331565
2022-10-11 00:00:00-04:00,-0.17747904119029478,-0.15208208644231513
2022-10-12 00:00:00-04:00,-0.1765670490814064,-0.15607048216663943
2022-10-13 00:00:00-04:00,-0.154726263480488,-0.12449068761614845
2022-10-14 00:00:00-04:00,-0.17906654036859293,-0.1453527439871125
2022-10-17 00:00:00-04:00,-0.1479347809647965,-0.11960437020307912
2022-10-18 00:00:00-04:00,-0.13572827442571878,-0.10411188492574275
2022-10-19 00:00:00-04:00,-0.14038446144009242,-0.11349557199261695
2022-10-20 00:00:00-04:00,-0.1445130639483524,-0.12259263529975484
2022-10-21 00:00:00-04:00,-0.12056777670880892,-0.09651378204464933
2022-10-24 00:00:00-04:00,-0.10772823493634875,-0.08384977433847429
2022-10-25 00:00:00-04:00,-0.08742349035357178,-0.06463041789773838
2022-10-26 00:00:00-04:00,-0.10252541337101784,-0.06037291408993295
2022-10-27 00:00:00-04:00,-0.10987996406250544,-0.06140386865129388
2022-10-28 00:00:00-04:00,-0.08430751475557541,-0.034312408560035035
2022-10-31 00:00:00-04:00,-0.09186422421084561,-0.03968724006879665
2022-11-01 00:00:00-04:00,-0.09951619349175667,-0.03606309141751707
2022-11-02 00:00:00-04:00,-0.12912059806498988,-0.058718560337016834
2022-11-03 00:00:00-04:00,-0.14307421695472777,-0.06279458528620441
2022-11-04 00:00:00-04:00,-0.13223764425405016,-0.04530526464082074
2022-11-07 00:00:00-05:00,-0.12183671178041733,-0.03445274843460133
2022-11-08 00:00:00-05:00,-0.11487957788160885,-0.028107158763747586
2022-11-09 00:00:00-05:00,-0.13647969120439662,-0.050157666569253134
2022-11-10 00:00:00-05:00,-0.07117589900465693,0.0032221778397536482
2022-11-11 00:00:00-05:00,-0.05642656313371619,0.011183916692323992
2022-11-14 00:00:00-05:00,-0.06692523472388212,0.0015256988921699133
2022-11-15 00:00:00-05:00,-0.05404899538457608,0.011174188687646414
2022-11-16 00:00:00-05:00,-0.06314378304999568,0.00047841073732901584
2022-11-17 00:00:00-05:00,-0.06599795015058652,-0.0037933634826425866
2022-11-18 00:00:00-05:00,-0.06268989875571329,0.004925279704546259
2022-11-21 00:00:00-05:00,-0.07023028351785365,0.0053342955532786895
2022-11-22 00:00:00-05:00,-0.05525216485515794,0.021737936855871
2022-11-23 00:00:00-05:00,-0.04488590584724139,0.025769421397390246
2022-11-25 00:00:00-05:00,-0.04649161497846899,0.029526179374243622
2022-11-28 00:00:00-05:00,-0.060770143127724996,0.00988157191664829
2022-11-29 00:00:00-05:00,-0.06589733316494284,0.014455113823333976
2022-11-30 00:00:00-05:00,-0.02505919950712343,0.04155070822790097
2022-12-01 00:00:00-05:00,-0.023731589300408418,0.040375630450262934
2022-12-02 00:00:00-05:00,-0.024763327721954997,0.03998320114898157
2022-12-05 00:00:00-05:00,-0.04308870990027236,0.01572247715231123
2022-12-06 00:00:00-05:00,-0.05981599537952642,0.0015315472907391214
2022-12-07 00:00:00-05:00,-0.06225276703553895,0.0011015741810023183
2022-12-08 00:00:00-05:00,-0.05092731985797905,0.007326093084484064
2022-12-09 00:00:00-05:00,-0.057538425703599905,-0.0018035394327606813
2022-12-12 00:00:00-05:00,-0.04185169621906981,0.015447954125076047
2022-12-13 00:00:00-05:00,-0.032385508797015294,0.023450416202244417
2022-12-14 00:00:00-05:00,-0.03812324950959556,0.017349128775800082
2022-12-15 00:00:00-05:00,-0.06710898006261434,-0.007735449100042979
2022-12-16 00:00:00-05:00,-0.07703607020169567,-0.02062806913612092
2022-12-19 00:00:00-05:00,-0.08881084240687531,-0.02781619405454494
2022-12-20 00:00:00-05:00,-0.088060414357927,-0.023895602960315454
2022-12-21 00:00:00-05:00,-0.0723135275648259,-0.006826681622428055
2022-12-22 00:00:00-05:00,-0.09022010562040972,-0.018088833096582935
2022-12-23 00:00:00-05:00,-0.08566119030887465,-0.00896984230073139
2022-12-27 00:00:00-05:00,-0.09382817258345777,-0.007524905854560782
2022-12-28 00:00:00-05:00,-0.10505073939727161,-0.021221009799104795
2022-12-29 00:00:00-05:00,-0.08400934658335302,-0.0036319831707170014
2022-12-30 00:00:00-05:00,-0.08539832305421224,-0.006142979410933558
2023-01-03 00:00:00-05:00,-0.09182199529296198,-0.0063785071615583
2023-01-04 00:00:00-05:00,-0.0869151225842586,0.00902700940902279
2023-01-05 00:00:00-05:00,-0.10090951832310013,-0.00016028385186750427
2023-01-06 00:00:00-05:00,-0.07738525447853761,0.025792972985966944
2023-01-09 00:00:00-05:00,-0.07186005001972373,0.020622681550862776
2023-01-10 00:00:00-05:00,-0.0636041059755107,0.03001101683044105
2023-01-11 00:00:00-05:00,-0.04515006877370664,0.04155972723570356
2023-01-12 00:00:00-05:00,-0.04025252017279335,0.047239987332403865
2023-01-13 00:00:00-05:00,-0.033491012538004905,0.051301822925597707
2023-01-17 00:00:00-05:00,-0.030588396401924567,0.04584030037232156
2023-01-18 00:00:00-05:00,-0.04221962414052349,0.024151568405138324
2023-01-19 00:00:00-05:00,-0.049893904416955626,0.01593623157588664
2023-01-20 00:00:00-05:00,-0.024839350892722822,0.03409905264904989
2023-01-23 00:00:00-05:00,-0.00848267167651362,0.046150882265452164
2023-01-24 00:00:00-05:00,-0.009396961407853288,0.045583236347257694
2023-01-25 00:00:00-05:00,-0.010256758886337702,0.0480484774788521
2023-01-26 00:00:00-05:00,0.005023281757803533,0.058293586289261734
2023-01-27 00:00:00-05:00,0.012982943062982644,0.05767645851327363
2023-01-30 00:00:00-05:00,-0.0030694639690818093,0.044880747125241705
2023-01-31 00:00:00-05:00,0.014439234171508608,0.06305689215335941
2023-02-01 00:00:00-05:00,0.03239403676703123,0.07048739439518226
2023-02-02 00:00:00-05:00,0.05721946904396469,0.07983150766128455
2023-02-03 00:00:00-05:00,0.04374571791208559,0.06893711774655054
2023-02-06 00:00:00-05:00,0.03649259991531251,0.0617250429715952
2023-02-07 00:00:00-05:00,0.05392026875138767,0.07362787311717889
2023-02-08 00:00:00-05:00,0.040805666503515026,0.061751398785719225
2023-02-09 00:00:00-05:00,0.03325706793075456,0.047876652989375046
2023-02-10 00:00:00-05:00,0.02955602066702845,0.05661083902385955
2023-02-13 00:00:00-05:00,0.04446812961850377,0.06757459149442147
2023-02-14 00:00:00-05:00,0.04915344160370716,0.06367774667851944
2023-02-15 00:00:00-05:00,0.056123588311918104,0.06605268430236988
2023-02-16 00:00:00-05:00,0.03765930832179576,0.05358350521890021
2023-02-17 00:00:00-05:00,0.03219801071106898,0.05197366781774604
2023-02-21 00:00:00-05:00,0.009192032709682496,0.029127023103765026
2023-02-22 00:00:00-05:00,0.009983462688473499,0.02645301772212494
2023-02-23 00:00:00-05:00,0.01846566636610414,0.02871377537260056
2023-02-24 00:00:00-05:00,0.003001195843022386,0.021288018708743417
2023-02-27 00:00:00-05:00,0.009296898183681956,0.02089061480911303
2023-02-28 00:00:00-05:00,0.0069166428816545,0.01674848932577433
2023-03-01 00:00:00-05:00,0.00034288992702280474,0.013930971747879273
2023-03-02 00:00:00-05:00,0.008505321084230966,0.0222903992160024
2023-03-03 00:00:00-05:00,0.02720530636132812,0.03912349124820835
2023-03-06 00:00:00-05:00,0.028640855060596992,0.03621545842981999
2023-03-07 00:00:00-05:00,0.015199748416735215,0.014988053633026244
2023-03-08 00:00:00-05:00,0.018312906246622407,0.014026110655897206
2023-03-09 00:00:00-05:00,0.00015577199670058217,-0.011955784901577005
2023-03-10 00:00:00-05:00,-0.016587105303259575,-0.030397067035395686
2023-03-13 00:00:00-04:00,-0.011279213859841097,-0.042251858555250044
2023-03-14 00:00:00-04:00,0.007525758285306661,-0.025520739184020202
2023-03-15 00:00:00-04:00,0.006623246572817987,-0.04240388389213723
2023-03-16 00:00:00-04:00,0.029531636783017512,-0.02773491840228437
2023-03-17 00:00:00-04:00,0.023515351449215682,-0.048478571112757995
2023-03-20 00:00:00-04:00,0.02821942437459446,-0.03247211337400291
2023-03-21 00:00:00-04:00,0.04364391579019744,-0.016826739152739467
2023-03-22 00:00:00-04:00,0.028538087573161564,-0.04029849465640045
2023-03-23 00:00:00-04:00,0.037070734456116194,-0.04420412146826891
2023-03-24 00:00:00-04:00,0.04042484729675211,-0.034752392718689906
2023-03-27 00:00:00-04:00,0.03707326142901368,-0.024724317111122884
2023-03-28 00:00:00-04:00,0.033149037108499035,-0.02310279432919282
2023-03-29 00:00:00-04:00,0.04852195007524995,-0.00696831064893999
2023-03-30 00:00:00-04:00,0.05546873689218945,-0.002405093007228798
2023-03-31 00:00:00-04:00,0.07263170588074541,0.013102061602593196
2023-04-03 00:00:00-04:00,0.07315195130262764,0.019072819234639216
2023-04-04 00:00:00-04:00,0.06762865009273389,0.008486417986328654
2023-04-05 00:00:00-04:00,0.05749091396629513,0.011151331213901994
2023-04-06 00:00:00-04:00,0.0632509612529738,0.011601877994868337
2023-04-10 00:00:00-04:00,0.06258157557774469,0.015486441944380536
2023-04-11 00:00:00-04:00,0.05871625992579499,0.02064882265582968
2023-04-12 00:00:00-04:00,0.052307958913455965,0.016859454736920076
2023-04-13 00:00:00-04:00,0.07066958422743408,0.026516245532553162
2023-04-14 00:00:00-04:00,0.06653854087731703,0.024762594502404367
2023-04-17 00:00:00-04:00,0.06820930939572367,0.03065407389710173
2023-04-18 00:00:00-04:00,0.06906587316729573,0.030775812970171623
2023-04-19 00:00:00-04:00,0.06884150763652208,0.029970959302087152
2023-04-20 00:00:00-04:00,0.06265944874530094,0.02125866821968314
2023-04-21 00:00:00-04:00,0.06330560903586124,0.021511157586034724
2023-04-24 00:00:00-04:00,0.06201332265574244,0.023669861030088946
2023-04-25 00:00:00-04:00,0.04175474246851274,0.005912467928380183
2023-04-26 00:00:00-04:00,0.04541276729909072,-0.008510156803247959
2023-04-27 00:00:00-04:00,0.06624464128491359,0.012888069066317787
2023-04-28 00:00:00-04:00,0.07350374985378405,0.023684848797538294
2023-05-01 00:00:00-04:00,0.07288154283537884,0.022585322426532217
2023-05-02 00:00:00-04:00,0.06291302604982807,0.0033067475610530916
2023-05-03 00:00:00-04:00,0.05687804468839919,-0.006600950496973068
2023-05-04 00:00:00-04:00,0.0511487527286838,-0.01842440389830946
2023-05-05 00:00:00-04:00,0.07278887123233857,0.0010612634132676213
2023-05-08 00:00:00-04:00,0.07430871777257231,0.0009595030558584572
2023-05-09 00:00:00-04:00,0.06901197986544938,-0.003920135295962801
2023-05-10 00:00:00-04:00,0.07880143797658046,-0.004989032667643611
2023-05-11 00:00:00-04:00,0.07945760303555782,-0.011424843729977985
2023-05-12 00:00:00-04:00,0.07643103130607587,-0.01269845311388873
2023-05-15 00:00:00-04:00,0.07988106233080616,-0.007457853195789177
2023-05-16 00:00:00-04:00,0.07715275858065307,-0.022659106865680956
2023-05-17 00:00:00-04:00,0.0902931522636623,-0.007607415982544996
2023-05-18 00:00:00-04:00,0.10545022591409037,-0.0015702639265633422
2023-05-19 00:00:00-04:00,0.1025426378019163,-0.0032632451453591393
2023-05-22 00:00:00-04:00,0.10352553296615707,-0.001966558278091446
2023-05-23 00:00:00-04:00,0.08729864828666956,-0.010830825158524737
2023-05-24 00:00:00-04:00,0.08126605997672343,-0.021779304248715103
2023-05-25 00:00:00-04:00,0.1012120283103668,-0.027382511972543044
2023-05-26 00:00:00-04:00,0.12122952829990896,-0.01793517012328838
2023-05-30 00:00:00-04:00,0.12345867503540764,-0.020063562880663355
2023-05-31 00:00:00-04:00,0.11613014575803837,-0.026142694287283108
2023-06-01 00:00:00-04:00,0.129792648492439,-0.017095186269612705
2023-06-02 00:00:00-04:00,0.14387890985671348,0.006261492423865533
2023-06-05 00:00:00-04:00,0.14264001902165213,0.002152670304278459
2023-06-06 00:00:00-04:00,0.1435061319384061,0.00969969307762164
2023-06-07 00:00:00-04:00,0.1277861549402055,0.019426254645582786
2023-06-08 00:00:00-04:00,0.13847878388085522,0.02104094420460001
2023-06-09 00:00:00-04:00,0.1410530660407261,0.01918712303477288
2023-06-12 00:00:00-04:00,0.1572865607465821,0.023674634048096888
2023-06-13 00:00:00-04:00,0.16470925327183616,0.033846506486295835
2023-06-14 00:00:00-04:00,0.16831310260978993,0.02966896557139842
2023-06-15 00:00:00-04:00,0.18254416577178034,0.04452659472596965
2023-06-16 00:00:00-04:00,0.17459591357844606,0.04246078748632254
2023-06-20 00:00:00-04:00,0.17119930774831071,0.03152640752209046
2023-06-21 00:00:00-04:00,0.1601481443713162,0.029277783793113077
2023-06-22 00:00:00-04:00,0.16977793311033929,0.024626920576676703
2023-06-23 00:00:00-04:00,0.15849735886120997,0.015801795387701212
2023-06-26 00:00:00-04:00,0.14442349475332206,0.021347570817448647
2023-06-27 00:00:00-04:00,0.1614984859121027,0.03174110868828661
2023-06-28 00:00:00-04:00,0.16273915847199105,0.02987209523503287
2023-06-29 00:00:00-04:00,0.1637585039718792,0.039524490894251585
2023-06-30 00:00:00-04:00,0.1803014680487547,0.05002594584439701
2023-07-03 00:00:00-04:00,0.17920893934001536,0.053852376086680254
2023-07-05 00:00:00-04:00,0.1783231117779569,0.04706742820000942
2023-07-06 00:00:00-04:00,0.16912727694851015,0.033420178580284565
2023-07-07 00:00:00-04:00,0.16316385335971484,0.03424498645962282
2023-07-10 00:00:00-04:00,0.1628851567629377,0.04187395412869632
2023-07-11 00:00:00-04:00,0.16768293720459848,0.05490820278355946
2023-07-12 00:00:00-04:00,0.17853413525508066,0.05931797676845196
2023-07-13 00:00:00-04:00,0.19291380105580624,0.06406393795709286
2023-07-14 00:00:00-04:00,0.1950117876419477,0.05409808156511331
2023-07-17 00:00:00-04:00,0.2026954304535311,0.05423329170112079
2023-07-18 00:00:00-04:00,0.21108478460922075,0.061759014967225356
2023-07-19 00:00:00-04:00,0.20966781403298418,0.06771440939659179
2023-07-20 00:00:00-04:00,0.18503239439590025,0.07370204697660121
2023-07-21 00:00:00-04:00,0.18105573670984998,0.07634566057461756
2023-07-24 00:00:00-04:00,0.18323000570515302,0.08116263944699176
2023-07-25 00:00:00-04:00,0.1887481705660765,0.07969071153995011
2023-07-26 00:00:00-04:00,0.1847841964668553,0.08264125424364432
2023-07-27 00:00:00-04:00,0.1762603616736469,0.07036032241307577
2023-07-28 00:00:00-04:00,0.19407814731741446,0.07503500489101311
2023-07-31 00:00:00-04:00,0.19423943371636732,0.07792448591671697
2023-08-01 00:00:00-04:00,0.18959345923391302,0.07254920598955117
2023-08-02 00:00:00-04:00,0.16416882030752422,0.06037849106448534
2023-08-03 00:00:00-04:00,0.15968860635663162,0.055829665908472714
2023-08-04 00:00:00-04:00,0.15146531096177518,0.04945061067997658
2023-08-07 00:00:00-04:00,0.15980763778598717,0.060640985934665714
2023-08-08 00:00:00-04:00,0.15233409029961886,0.05395826321444264
2023-08-09 00:00:00-04:00,0.13817513546403615,0.04884395321685542
2023-08-10 00:00:00-04:00,0.13858440762878366,0.046862015712404004
2023-08-11 00:00:00-04:00,0.13216672598380463,0.04947243215961139
2023-08-14 00:00:00-04:00,0.14420877334161575,0.04805279910204674
2023-08-15 00:00:00-04:00,0.13139256978678793,0.02973720284085335
2023-08-16 00:00:00-04:00,0.12035379560358517,0.020580799239304337
2023-08-17 00:00:00-04:00,0.10610769975742285,0.013993118021064843
2023-08-18 00:00:00-04:00,0.10390365993852724,0.015982402892462
2023-08-21 00:00:00-04:00,0.11878297686952499,0.01399085130232014
2023-08-22 00:00:00-04:00,0.11651098130672577,0.007427869873300352
2023-08-23 00:00:00-04:00,0.13257496221363718,0.016149660755452766
2023-08-24 00:00:00-04:00,0.10962599843139276,0.005136426467869937
2023-08-25 00:00:00-04:00,0.11770431421800076,0.011445833894569102
2023-08-28 00:00:00-04:00,0.1241690274641638,0.018758356471444637
2023-08-29 00:00:00-04:00,0.1461719971211346,0.03027749849821726
2023-08-30 00:00:00-04:00,0.15220567782582406,0.03259061635684457
2023-08-31 00:00:00-04:00,0.15253242531334554,0.027708465997579257
2023-09-01 00:00:00-04:00,0.15164270941378777,0.033754473562745746
2023-09-05 00:00:00-04:00,0.15140961423978916,0.019426392416612037
2023-09-06 00:00:00-04:00,0.1382804565395972,0.01543474286592672
2023-09-07 00:00:00-04:00,0.1313796740800557,0.01332108484048411
2023-09-08 00:00:00-04:00,0.13159239687883173,0.015218255609840359
2023-09-11 00:00:00-04:00,0.14324491690857966,0.018079073900770792
2023-09-12 00:00:00-04:00,0.1281703158536236,0.01990197324157883
2023-09-13 00:00:00-04:00,0.13098615923592138,0.01655749272740925
2023-09-14 00:00:00-04:00,0.13765026566787908,0.02962007010690182
2023-09-15 00:00:00-04:00,0.1173581607611387,0.019976513566233978
2023-09-18 00:00:00-04:00,0.11740696548271501,0.01936710781773976
2023-09-19 00:00:00-04:00,0.11400532699029764,0.016103602379319293
2023-09-20 00:00:00-04:00,0.09686368945715618,0.011121697517509466
2023-09-21 00:00:00-04:00,0.07375115470103744,-0.007452838232445469
2023-09-22 00:00:00-04:00,0.07228430014270626,-0.012328033009857853
2023-09-25 00:00:00-04:00,0.07704685719341287,-0.0087884469038777
2023-09-26 00:00:00-04:00,0.05754238998553074,-0.02495431771146106
2023-09-27 00:00:00-04:00,0.05813667234089781,-0.024165047704167497
2023-09-28 00:00:00-04:00,0.06581586392890748,-0.018216209528608918
2023-09-29 00:00:00-04:00,0.06455075202216753,-0.024049562759030918
2023-10-02 00:00:00-04:00,0.07363902894815788,-0.03783833486614396
2023-10-03 00:00:00-04:00,0.05184982665098592,-0.05023370733010313
2023-10-04 00:00:00-04:00,0.0664522585546341,-0.04776341853544008
2023-10-05 00:00:00-04:00,0.06515774841582544,-0.05101081132776564
2023-10-06 00:00:00-04:00,0.0832999238236618,-0.04267704637438974
2023-10-09 00:00:00-04:00,0.08791875413248618,-0.03306941080626968
2023-10-10 00:00:00-04:00,0.09209625312850878,-0.02450498612072116
2023-10-11 00:00:00-04:00,0.100461419048125,-0.025055776554585796
2023-10-12 00:00:00-04:00,0.09366178761268795,-0.03783578265679477
2023-10-13 00:00:00-04:00,0.08023282245460117,-0.037442285191724656
2023-10-16 00:00:00-04:00,0.09257069296193499,-0.024722785809977443
2023-10-17 00:00:00-04:00,0.08815002930601112,-0.019348084896246176
2023-10-18 00:00:00-04:00,0.06897354032323144,-0.035840977403382546
2023-10-19 00:00:00-04:00,0.05788411454266762,-0.047272915057062326
2023-10-20 00:00:00-04:00,0.03992258509986368,-0.05957033492818353
2023-10-23 00:00:00-04:00,0.041985633845242676,-0.06873779605135177
2023-10-24 00:00:00-04:00,0.05067769506659703,-0.060983680505728666
2023-10-25 00:00:00-04:00,0.025687426010261305,-0.07109596789086203
2023-10-26 00:00:00-04:00,0.002486641160117209,-0.07191798691596873
2023-10-27 00:00:00-04:00,0.004598845523285489,-0.08785893903537012
2023-10-30 00:00:00-04:00,0.019214008934177684,-0.07644481910227574
2023-10-31 00:00:00-04:00,0.023164571689126,-0.06480726477119547
2023-11-01 00:00:00-04:00,0.03928377683269679,-0.0592347343623687
2023-11-02 00:00:00-04:00,0.0595061921261022,-0.03515305957777137
2023-11-03 00:00:00-04:00,0.0698901193109982,-0.021319812299346763
2023-11-06 00:00:00-05:00,0.07539661048996793,-0.027231653387888244
2023-11-07 00:00:00-05:00,0.08600563974090591,-0.03210480924375725
2023-11-08 00:00:00-05:00,0.08963731818282472,-0.03585304551770552
2023-11-09 00:00:00-05:00,0.0777003883634324,-0.04507143181227802
2023-11-10 00:00:00-05:00,0.10009244353133928,-0.03256089283814623
2023-11-13 00:00:00-05:00,0.09790949608594746,-0.03291088580811352
2023-11-14 00:00:00-05:00,0.12043089907520588,-0.006198473614414057
2023-11-15 00:00:00-05:00,0.11844045719327445,-0.0002599263517419903
2023-11-16 00:00:00-05:00,0.12144060880037788,-0.004098963397560551
2023-11-17 00:00:00-05:00,0.119724424949055,0.0022221948093614774
2023-11-20 00:00:00-05:00,0.13189837768261992,0.006834609185216944
2023-11-21 00:00:00-05:00,0.1267832689868289,0.005245043777916791
2023-11-22 00:00:00-05:00,0.13118843620773002,0.010603272470911307
2023-11-24 00:00:00-05:00,0.12836945454755155,0.015454003329304244
2023-11-27 00:00:00-05:00,0.1258855253665132,0.011959210258782216
2023-11-28 00:00:00-05:00,0.1276281078399646,0.011162959716729315
2023-11-29 00:00:00-05:00,0.1237449072096255,0.014605033738367634
2023-11-30 00:00:00-05:00,0.1228472931976703,0.02520785799473879
2023-12-01 00:00:00-05:00,0.12692586035514153,0.03947790328817802
2023-12-04 00:00:00-05:00,0.11465069144651374,0.03968347911131076
2023-12-05 00:00:00-05:00,0.11904233418674748,0.02910483303871758
2023-12-06 00:00:00-05:00,0.11112109582177987,0.026504348826756008
2023-12-07 00:00:00-05:00,0.12460246783854179,0.030214992568845078
2023-12-08 00:00:00-05:00,0.12961915669215118,0.034615143987320796
2023-12-11 00:00:00-05:00,0.12924732376617043,0.044375767087811546
2023-12-12 00:00:00-05:00,0.13783808216125393,0.044388895986060994
2023-12-13 00:00:00-05:00,0.15187494910758703,0.06638512767317617
2023-12-14 00:00:00-05:00,0.14657808490817104,0.08250319670377682
2023-12-15 00:00:00-05:00,0.15012608136557137,0.07441743591339378
2023-12-18 00:00:00-05:00,0.15754234516444576,0.07595607627160805
2023-12-19 00:00:00-05:00,0.16215211166588173,0.08700450569572982
2023-12-20 00:00:00-05:00,0.142826551438622,0.06425034982588373
2023-12-21 00:00:00-05:00,0.15549735095033235,0.07752350200894553
2023-12-22 00:00:00-05:00,0.1544853652113265,0.08162413684349978
2023-12-26 00:00:00-05:00,0.15701777793228766,0.08883715774948486
2023-12-27 00:00:00-05:00,0.15720503821506915,0.09020512324591046
2023-12-28 00:00:00-05:00,0.1555362982842352,0.09062222823973265
2023-12-29 00:00:00-05:00,0.14899783805452804,0.08553509713522178
2024-01-02 00:00:00-05:00,0.1281708582797827,0.08961155390831577
2024-01-03 00:00:00-05:00,0.11439754232639587,0.07690803743386065
2024-01-04 00:00:00-05:00,0.10765788570749102,0.07404611836096353
2024-01-05 00:00:00-05:00,0.10772006733392803,0.07763236473000945
2024-01-08 00:00:00-05:00,0.13283632525274425,0.08648151337028098
2024-01-09 00:00:00-05:00,0.13459321668422075,0.07716660935652819
2024-01-10 00:00:00-05:00,0.14642586170974492,0.07630416018115382
2024-01-11 00:00:00-05:00,0.14744410668727448,0.07033820577970329
2024-01-12 00:00:00-05:00,0.14712355755702577,0.06973635966094927
2024-01-16 00:00:00-05:00,0.14382178642410604,0.059729673382928894
2024-01-17 00:00:00-05:00,0.13612881079193007,0.05007817460129127
2024-01-18 00:00:00-05:00,0.1522827156696671,0.053704199205542036
2024-01-19 00:00:00-05:00,0.17079137455929772,0.06495234137604644
2024-01-22 00:00:00-05:00,0.17285557603883128,0.06910528810307537
2024-01-23 00:00:00-05:00,0.17503120642040937,0.0713277519308615
2024-01-24 00:00:00-05:00,0.1781599908571938,0.0654915525605324
2024-01-25 00:00:00-05:00,0.17824117595182454,0.07807315867571041
2024-01-26 00:00:00-05:00,0.17486829829143113,0.07866530137573835
2024-01-29 00:00:00-05:00,0.18828144574614725,0.08456487811084257
2024-01-30 00:00:00-05:00,0.18082047720627958,0.08790166065342353
2024-01-31 00:00:00-05:00,0.15045971914128553,0.07287482474048979
2024-02-01 00:00:00-05:00,0.16875480649244357,0.08532810242134037
2024-02-02 00:00:00-05:00,0.19413055443617355,0.08296865810592768
2024-02-05 00:00:00-05:00,0.19244614444279695,0.07039296432094799
2024-02-06 00:00:00-05:00,0.19171651463439976,0.0776826134003985
2024-02-07 00:00:00-05:00,0.20799815069676875,0.08059544949015574
2024-02-08 00:00:00-05:00,0.20863161058175694,0.081661680651955
2024-02-09 00:00:00-05:00,0.2210913261252172,0.0819670031492683
2024-02-12 00:00:00-05:00,0.21089831797174563,0.08953968847813232
2024-02-13 00:00:00-05:00,0.18956190319603716,0.06848936789281446
2024-02-14 00:00:00-05:00,0.20484229107354612,0.0792578923310796
2024-02-15 00:00:00-05:00,0.20487685601935257,0.09543558739133196
2024-02-16 00:00:00-05:00,0.19421423605223964,0.09040357326107196
2024-02-20 00:00:00-05:00,0.17771951760375293,0.08799836572326569
2024-02-21 00:00:00-05:00,0.17251113447433153,0.09343743877466015
2024-02-22 00:00:00-05:00,0.2137909893320411,0.10341408371060723
2024-02-23 00:00:00-05:00,0.21043519466037908,0.10626995985827592
2024-02-26 00:00:00-05:00,0.20516865606468926,0.09933919187615547
2024-02-27 00:00:00-05:00,0.20519738668366094,0.10268187822743613
2024-02-28 00:00:00-05:00,0.19848994595656588,0.10271047625589902
2024-02-29 00:00:00-05:00,0.20630679059595658,0.1063551419043236
2024-03-01 00:00:00-05:00,0.21951090451702338,0.11122029807045664
2024-03-04 00:00:00-05:00,0.21135438148539043,0.11446262689062436
2024-03-05 00:00:00-05:00,0.1862980512646153,0.10888230889176564
2024-03-06 00:00:00-05:00,0.19179979591668284,0.11650807989783574
2024-03-07 00:00:00-05:00,0.21052316273701654,0.12267868103438628
2024-03-08 00:00:00-05:00,0.19215661802719297,0.12155023057545455
2024-03-11 00:00:00-04:00,0.18363949790068101,0.12445914396233482
2024-03-12 00:00:00-04:00,0.20652984682220854,0.12690355031418377
2024-03-13 00:00:00-04:00,0.19880888150607756,0.12821425459887337
2024-03-14 00:00:00-04:00,0.19774874114629215,0.11542461781647617
2024-03-15 00:00:00-04:00,0.18010112399707712,0.11423583991474384
2024-03-18 00:00:00-04:00,0.1913952267798451,0.11633395570448157
2024-03-19 00:00:00-04:00,0.19913513429279295,0.12189992973718256
2024-03-20 00:00:00-04:00,0.21313180968663925,0.13235143002904226
2024-03-21 00:00:00-04:00,0.2129154937453248,0.1409307608142758
2024-03-22 00:00:00-04:00,0.21281392702082758,0.1319158547064354
2024-03-25 00:00:00-04:00,0.20482474227496872,0.12972360305843056
2024-03-26 00:00:00-04:00,0.19779384411872547,0.12756202888851798
2024-03-27 00:00:00-04:00,0.20098798803589202,0.14846488248657153
2024-03-28 00:00:00-04:00,0.19759973921410934,0.15344242483014536
2024-04-01 00:00:00-04:00,0.195377051244654,0.14554789614137276
2024-04-02 00:00:00-04:00,0.18137911418494435,0.13539584744171496
2024-04-03 00:00:00-04:00,0.18330503774041618,0.13483429292751659
2024-04-04 00:00:00-04:00,0.1616037650925204,0.12003083457539288
2024-04-05 00:00:00-04:00,0.18084092294676868,0.12944752341018861
2024-04-08 00:00:00-04:00,0.17871642518729214,0.12965844066385634
2024-04-09 00:00:00-04:00,0.179127959689807,0.1309941146531901
2024-04-10 00:00:00-04:00,0.16784616792401663,0.11045775837474614
2024-04-11 00:00:00-04:00,0.18669098952493624,0.10742786404280169
2024-04-12 00:00:00-04:00,0.16446706531279642,0.08507805986684991
2024-04-15 00:00:00-04:00,0.13819055688659443,0.07524181139800779
2024-04-16 00:00:00-04:00,0.13733487778961195,0.06730946193167542
2024-04-17 00:00:00-04:00,0.12344906708964443,0.06402022861983192
2024-04-18 00:00:00-04:00,0.11591060668654785,0.0647255395588946
2024-04-19 00:00:00-04:00,0.08735324229725938,0.07257364434407432
2024-04-22 00:00:00-04:00,0.0989702302167419,0.08331547072198053
2024-04-23 00:00:00-04:00,0.11940535519637163,0.09493107301916792
2024-04-24 00:00:00-04:00,0.11796836689066503,0.09487410549335351
2024-04-25 00:00:00-04:00,0.10818656386541936,0.09040361260675023
2024-04-26 00:00:00-04:00,0.1327673524950126,0.08918289359870402
2024-04-29 00:00:00-04:00,0.13433995731030146,0.09527154156266149
2024-04-30 00:00:00-04:00,0.10784778748667745,0.07516320970244705
2024-05-01 00:00:00-04:00,0.10210266494945053,0.07226196974197552
2024-05-02 00:00:00-04:00,0.1188935014173158,0.0795161140976044
2024-05-03 00:00:00-04:00,0.14270025533063757,0.08657137714421093
2024-05-06 00:00:00-04:00,0.16036702798862246,0.09703195328104841
2024-05-07 00:00:00-04:00,0.15927264371296856,0.09925236269365678
2024-05-08 00:00:00-04:00,0.1556328461959049,0.10026194415301459
2024-05-09 00:00:00-04:00,0.15886683462725326,0.11140272383478589
2024-05-10 00:00:00-04:00,0.15957687629937545,0.11301920718973801
2024-05-13 00:00:00-04:00,0.15848231410482083,0.11131457320834515
2024-05-14 00:00:00-04:00,0.16633003992999496,0.11637026018525853
2024-05-15 00:00:00-04:00,0.18744742938614678,0.12593670714892458
2024-05-16 00:00:00-04:00,0.1810800527336971,0.12330052209634501
2024-05-17 00:00:00-04:00,0.17953933408915113,0.1267191766738014
2024-05-20 00:00:00-04:00,0.18532099367825472,0.12086572220568748
2024-05-21 00:00:00-04:00,0.18799142467308427,0.121606513404938
2024-05-22 00:00:00-04:00,0.18170974511172222,0.11672808983561644
2024-05-23 00:00:00-04:00,0.1756071464619342,0.09580858429066486
2024-05-24 00:00:00-04:00,0.18634923486311505,0.10288057226734337
2024-05-28 00:00:00-04:00,0.19148707506636686,0.09279559441109053
2024-05-29 00:00:00-04:00,0.18273718029730168,0.07633200925547357
2024-05-30 00:00:00-04:00,0.1605675096028849,0.08353054773113389
2024-05-31 00:00:00-04:00,0.16217352628304815,0.10295011450856051
2024-06-03 00:00:00-04:00,0.1686745342914795,0.09450857069540786
2024-06-04 00:00:00-04:00,0.17293811157454986,0.08862955177094434
2024-06-05 00:00:00-04:00,0.19793308808021637,0.09396835670580717
2024-06-06 00:00:00-04:00,0.19728898667697625,0.09087024960881407
2024-06-07 00:00:00-04:00,0.19386095851364327,0.08668175734446826
2024-06-10 00:00:00-04:00,0.19771011486400103,0.08870621280722424
2024-06-11 00:00:00-04:00,0.20981220227599673,0.07921463263540374
2024-06-12 00:00:00-04:00,0.22918877334118237,0.081856534227567
2024-06-13 00:00:00-04:00,0.23488999362556684,0.07616241120129108
2024-06-14 00:00:00-04:00,0.23748328358835957,0.06690188209823544
2024-06-17 00:00:00-04:00,0.25082172632310584,0.07289436376310898
2024-06-18 00:00:00-04:00,0.251243009563342,0.07724809103335573
2024-06-20 00:00:00-04:00,0.2391940442184286,0.08110494571821403
2024-06-21 00:00:00-04:00,0.23399830949951972,0.0806002934934742
2024-06-24 00:00:00-04:00,0.21654093917382178,0.09078543394645266
2024-06-25 00:00:00-04:00,0.2320591386692208,0.07984254895535958
2024-06-26 00:00:00-04:00,0.23853445452945432,0.07375597269421408
2024-06-27 00:00:00-04:00,0.2402621553839963,0.0728634495178162
2024-06-28 00:00:00-04:00,0.22724617749076037,0.07360407795235768
2024-07-01 00:00:00-04:00,0.24027433193771786,0.06400024264662729
2024-07-02 00:00:00-04:00,0.25100660205046976,0.06835693870113091
2024-07-03 00:00:00-04:00,0.26315804482451033,0.06804882755344943
2024-07-05 00:00:00-04:00,0.2780561966244659,0.06488840326401646
2024-07-08 00:00:00-04:00,0.27741573628418004,0.065658966990779
2024-07-09 00:00:00-04:00,0.27650046274302675,0.0640684395103146
2024-07-10 00:00:00-04:00,0.29072601627096506,0.07654715985939187
2024-07-11 00:00:00-04:00,0.25308210468545367,0.09085752122102009
2024-07-12 00:00:00-04:00,0.25969272009997524,0.09868309540737186
2024-07-15 00:00:00-04:00,0.26236546978403363,0.10240782237405766
2024-07-16 00:00:00-04:00,0.25810580684682916,0.12655055039669194
2024-07-17 00:00:00-04:00,0.20954275932601063,0.12778036979489515
2024-07-18 00:00:00-04:00,0.19511446169432567,0.11330855672830409
2024-07-19 00:00:00-04:00,0.18341099994388754,0.10207068924314289
2024-07-22 00:00:00-04:00,0.20550833673266422,0.10864573923498644
2024-07-23 00:00:00-04:00,0.20546619030464952,0.10197586819927085
2024-07-24 00:00:00-04:00,0.14234236321425242,0.09082966590847352
2024-07-25 00:00:00-04:00,0.12480079929779198,0.09394948076997767
2024-07-26 00:00:00-04:00,0.13617466120147115,0.11332360210761072
2024-07-29 00:00:00-04:00,0.13734825404426365,0.11127389169424218
2024-07-30 00:00:00-04:00,0.11426914909879216,0.11828083869751516
2024-07-31 00:00:00-04:00,0.15344690438559416,0.12061428603953583
2024-08-01 00:00:00-04:00,0.12324673909808981,0.10456151069167641
2024-08-02 00:00:00-04:00,0.08890146875531513,0.0784233741016529
2024-08-05 00:00:00-04:00,0.03556787118420157,0.0425874292346593
2024-08-06 00:00:00-04:00,0.051607841817287836,0.0536357934631968
2024-08-07 00:00:00-04:00,0.03494740685639952,0.04562869116477808
2024-08-08 00:00:00-04:00,0.07620344271014634,0.06836113131943233
2024-08-09 00:00:00-04:00,0.08675899914950524,0.06831373722890355
2024-08-12 00:00:00-04:00,0.08934906374973628,0.06091386325249615
2024-08-13 00:00:00-04:00,0.12302398164294814,0.07311991968817444
2024-08-14 00:00:00-04:00,0.12589393972331342,0.07787673453482102
2024-08-15 00:00:00-04:00,0.1555026966449795,0.09344168076872861
2024-08-16 00:00:00-04:00,0.15501038869525585,0.09617221369773366
2024-08-19 00:00:00-04:00,0.1715482942315245,0.10526612930990753
2024-08-20 00:00:00-04:00,0.16819836446820235,0.09739143226958458
2024-08-21 00:00:00-04:00,0.1733839603455638,0.10398101365979229
2024-08-22 00:00:00-04:00,0.1467130306836526,0.10016537179838547
2024-08-23 00:00:00-04:00,0.16415298884139218,0.11675430029498468
2024-08-26 00:00:00-04:00,0.15037079129089936,0.11751922124001868
2024-08-27 00:00:00-04:00,0.15260410796948598,0.11588378676433653
2024-08-28 00:00:00-04:00,0.13437891396386847,0.11186464848865407
2024-08-29 00:00:00-04:00,0.12772647664072645,0.11720935710989777
2024-08-30 00:00:00-04:00,0.14372378052675194,0.1283665923363626
2024-09-03 00:00:00-04:00,0.09464962948155886,0.108387632080585
2024-09-04 00:00:00-04:00,0.08829738935168518,0.10660012350383918
2024-09-05 00:00:00-04:00,0.089007621535093,0.09352477606682963
2024-09-06 00:00:00-04:00,0.051752946894232155,0.07670911037784389
2024-09-09 00:00:00-04:00,0.0690548174658061,0.09036388688681263
2024-09-10 00:00:00-04:00,0.08234911112831078,0.0868074699639989
2024-09-11 00:00:00-04:00,0.11388061880146183,0.08401912115113852
2024-09-12 00:00:00-04:00,0.12939238573424627,0.08896256106714184
2024-09-13 00:00:00-04:00,0.13516368582248628,0.09912369425559486
2024-09-16 00:00:00-04:00,0.1279002124861881,0.10906917240000458
2024-09-17 00:00:00-04:00,0.1278670776104187,0.10794839528593614
2024-09-18 00:00:00-04:00,0.12095612603125705,0.10417757080130308
2024-09-19 00:00:00-04:00,0.15679262976641595,0.11814642811459941
2024-09-20 00:00:00-04:00,0.15229993589587942,0.1130139253281508
2024-09-23 00:00:00-04:00,0.15340807447946703,0.11793372509722344
2024-09-24 00:00:00-04:00,0.1580958353041002,0.1177146367860673
2024-09-25 00:00:00-04:00,0.15852912168727484,0.10653149424542807
2024-09-26 00:00:00-04:00,0.16002687396837656,0.11526718055301632
2024-09-27 00:00:00-04:00,0.14932900007215233,0.11986494928533853
2024-09-30 00:00:00-04:00,0.15555577573323642,0.12272287254986725
2024-10-01 00:00:00-04:00,0.13146963977263648,0.11550554628900311
2024-10-02 00:00:00-04:00,0.1310699085821092,0.11381365777917551
2024-10-03 00:00:00-04:00,0.1302843909552529,0.10613117158967134
2024-10-04 00:00:00-04:00,0.14649857878364525,0.11671475911239027
2024-10-07 00:00:00-04:00,0.12599773497470168,0.10483828478093105
2024-10-08 00:00:00-04:00,0.15102279893415171,0.10515639340021421
2024-10-09 00:00:00-04:00,0.16101480612962615,0.11502923073957372
2024-10-10 00:00:00-04:00,0.1588104282019649,0.10845666804690524
2024-10-11 00:00:00-04:00,0.1613917586725282,0.12525449995085336
2024-10-14 00:00:00-04:00,0.17420061479877424,0.13366542357158884
2024-10-15 00:00:00-04:00,0.15627938083355564,0.1260990991951907
2024-10-16 00:00:00-04:00,0.1576338836046276,0.1375869605114397
2024-10-17 00:00:00-04:00,0.1567755427463875,0.13502321260416017
2024-10-18 00:00:00-04:00,0.16469672014340886,0.13682112670591717
2024-10-21 00:00:00-04:00,0.16831045287740265,0.12185464274018987
2024-10-22 00:00:00-04:00,0.16799967470035626,0.11636624268580209
2024-10-23 00:00:00-04:00,0.14044291728132308,0.11262771814821448
2024-10-24 00:00:00-04:00,0.149744076957544,0.10808122543657572
2024-10-25 00:00:00-04:00,0.15595989431847168,0.09676055654309867
2024-10-28 00:00:00-04:00,0.15639509678135965,0.10419164595290065
2024-10-29 00:00:00-04:00,0.1682682285543311,0.09476067904066676
2024-10-30 00:00:00-04:00,0.15877904134851462,0.09212389907329
2024-10-31 00:00:00-04:00,0.11078998139946794,0.08011828105691365
2024-11-01 00:00:00-04:00,0.1209590530561806,0.07949007096949057
2024-11-04 00:00:00-05:00,0.1137362131111701,0.07628131485767975
2024-11-05 00:00:00-05:00,0.13578564287881667,0.09154972103873993
2024-11-06 00:00:00-05:00,0.17632131635539117,0.13265768556934177
2024-11-07 00:00:00-05:00,0.20306607950033917,0.12702726588575852
2024-11-08 00:00:00-05:00,0.20698114467112894,0.1334602720294087
2024-11-11 00:00:00-05:00,0.2048592520180179,0.14098041705700437
2024-11-12 00:00:00-05:00,0.20412119092570857,0.12812342361441642
2024-11-13 00:00:00-05:00,0.20092476746190502,0.12805852196140388
2024-11-14 00:00:00-05:00,0.18853792263677116,0.11608570984078881
2024-11-15 00:00:00-05:00,0.15046317372425144,0.10866986131549816
2024-11-18 00:00:00-05:00,0.15548736185195677,0.11455065821607957
2024-11-19 00:00:00-05:00,0.1729048658597916,0.10847346759105969
2024-11-20 00:00:00-05:00,0.1684901836730366,0.11208288917567888
2024-11-21 00:00:00-05:00,0.1704942761545405,0.1281648167348477
2024-11-22 00:00:00-05:00,0.17145812006021366,0.1401356718463198
2024-11-25 00:00:00-05:00,0.17129137628235247,0.1505927089516006
2024-11-26 00:00:00-05:00,0.18560341612526288,0.14908083984078258
2024-11-27 00:00:00-05:00,0.17114680450696595,0.14849789607858255
2024-11-29 00:00:00-05:00,0.18343835413507947,0.15019069002826257
2024-12-02 00:00:00-05:00,0.19724398093248752,0.140422540527801
2024-12-03 00:00:00-05:00,0.2058643459516769,0.1305131868525975
2024-12-04 00:00:00-05:00,0.2287691168809296,0.1274302389723525
2024-12-05 00:00:00-05:00,0.2249596066225903,0.11973073420762748
2024-12-06 00:00:00-05:00,0.23743279861793476,0.11407326589981626
2024-12-09 00:00:00-05:00,0.22316358967822647,0.10209579757504383
2024-12-10 00:00:00-05:00,0.21619438343255104,0.09380191662131465
2024-12-11 00:00:00-05:00,0.24470525743309013,0.09048238081811077
2024-12-12 00:00:00-05:00,0.23178076819568805,0.0823757360760784
2024-12-13 00:00:00-05:00,0.233227540003633,0.07703768984003911
2024-12-16 00:00:00-05:00,0.25220135016366707,0.06826191579150853
2024-12-17 00:00:00-05:00,0.24506634985731002,0.05759172692426562
2024-12-18 00:00:00-05:00,0.18067161053927694,0.016642874437481137
2024-12-19 00:00:00-05:00,0.18026536431794038,0.011866464220312567
2024-12-20 00:00:00-05:00,0.1965305158224191,0.02930576480796332
2024-12-23 00:00:00-05:00,0.21281701544933984,0.03174921715964629
2024-12-24 00:00:00-05:00,0.23424541668101861,0.04360919513291672
2024-12-26 00:00:00-05:00,0.2296601457912013,0.045014557696769764
2024-12-27 00:00:00-05:00,0.20099198179397249,0.03467334782363207
2024-12-30 00:00:00-05:00,0.17895291271923952,0.019843501446933365
2024-12-31 00:00:00-05:00,0.16116246152197777,0.02209894270132562
2025-01-02 00:00:00-05:00,0.1567932729533228,0.019212201276403995
2025-01-03 00:00:00-05:00,0.1834142712762381,0.032452066445576966
2025-01-06 00:00:00-05:00,0.2018034523245742,0.030028715331585243
2025-01-07 00:00:00-05:00,0.16584141077703207,0.027736473066199308
2025-01-08 00:00:00-05:00,0.16735049427492066,0.029462300994251844
2025-01-10 00:00:00-05:00,0.1382295197388237,0.007227166064346591
2025-01-13 00:00:00-05:00,0.13037582562205308,0.019724853924788732
2025-01-14 00:00:00-05:00,0.1226565421586212,0.032381237091049675
2025-01-15 00:00:00-05:00,0.1629557610038328,0.04871050849896719
2025-01-16 00:00:00-05:00,0.14851674378544888,0.05805697875462168
2025-01-17 00:00:00-05:00,0.16865761424516545,0.0675353480342471
2025-01-21 00:00:00-05:00,0.17944599712707454,0.08570320033907186
2025-01-22 00:00:00-05:00,0.20401841951534516,0.07639576621429578
2025-01-23 00:00:00-05:00,0.20929090919376248,0.08566590137081587
2025-01-24 00:00:00-05:00,0.20015352001893394,0.08380833649036434
2025-01-27 00:00:00-05:00,0.14554627554880595,0.08806124933036807
2025-01-28 00:00:00-05:00,0.18293703402624972,0.07804065176632324
2025-01-29 00:00:00-05:00,0.16942613408236484,0.0744652671282815
2025-01-30 00:00:00-05:00,0.17168673360252318,0.08934364128106309
2025-01-31 00:00:00-05:00,0.16407199508164672,0.0774674364165282
2025-02-03 00:00:00-05:00,0.1437990840893637,0.06983634844355646
2025-02-04 00:00:00-05:00,0.1628382660837544,0.07151499385073867
2025-02-05 00:00:00-05:00,0.16435433343493377,0.08110521118941061
2025-02-06 00:00:00-05:00,0.17291358312736893,0.08032304374963561
2025-02-07 00:00:00-05:00,0.14956596806532518,0.06953592662364572
2025-02-10 00:00:00-05:00,0.16516436446746652,0.07254792177110425
2025-02-11 00:00:00-05:00,0.15840537075804506,0.07484616565895119
2025-02-12 00:00:00-05:00,0.1547754875869778,0.06587169814133165
2025-02-13 00:00:00-05:00,0.175573862796635,0.0773895357263874
2025-02-14 00:00:00-05:00,0.17560368076039246,0.07442808260905753
2025-02-18 00:00:00-05:00,0.17335218347498338,0.08241410496134915
2025-02-19 00:00:00-05:00,0.17120210713717632,0.0862700709639439
2025-02-20 00:00:00-05:00,0.15926858406702982,0.07782376477446373
2025-02-21 00:00:00-05:00,0.11737788784711323,0.05547276122810141
2025-02-24 00:00:00-05:00,0.09779699013409648,0.05628687042655334
2025-02-25 00:00:00-05:00,0.07804875038576542,0.05731790657413249
2025-02-26 00:00:00-05:00,0.08363758461686777,0.05079373262256226
2025-02-27 00:00:00-05:00,0.036913727582171596,0.045346896363223754
2025-02-28 00:00:00-05:00,0.06553063812676307,0.06510393089329991
2025-03-03 00:00:00-05:00,0.02182001512430043,0.04837096060355095
2025-03-04 00:00:00-05:00,0.010638108143613545,0.018253626207713092
2025-03-05 00:00:00-05:00,0.033623690839068354,0.030632542678479036
2025-03-06 00:00:00-05:00,-0.013558438296416675,0.01585343371479664
2025-03-07 00:00:00-05:00,-0.007091873839741192,0.024591297081912655
2025-03-10 00:00:00-04:00,-0.07310197494748283,0.0018410637110801709
2025-03-11 00:00:00-04:00,-0.07675445115313284,-0.015970206344064097
2025-03-12 00:00:00-04:00,-0.0563953359499616,-0.021901079976463622
2025-03-13 00:00:00-04:00,-0.09149185789661263,-0.0319864328194468
2025-03-14 00:00:00-04:00,-0.05168119362537427,-0.0063485284871604986
2025-03-17 00:00:00-04:00,-0.04850532916849715,0.012490989146740406
2025-03-18 00:00:00-04:00,-0.07687321790401103,0.006098552188342099
2025-03-19 00:00:00-04:00,-0.0536595326222824,0.016820954848889347
2025-03-20 00:00:00-04:00,-0.05783827958642895,0.012560938870548322
2025-03-21 00:00:00-04:00,-0.04983889947417275,0.005603685376273093
2025-03-24 00:00:00-04:00,-0.013787640278020596,0.025883018157739635
2025-03-25 00:00:00-04:00,-0.0070416768903018845,0.02202298271123926
2025-03-26 00:00:00-04:00,-0.04305223268931302,0.021364584581486934
2025-03-27 00:00:00-04:00,-0.05171256387681855,0.016332455961421743
2025-03-28 00:00:00-04:00,-0.09372589431339806,-0.004104014974811054
2025-03-31 00:00:00-04:00,-0.09247205241708767,0.00914732396470641
2025-04-01 00:00:00-04:00,-0.07896441221015582,0.007409019461194655
2025-04-02 00:00:00-04:00,-0.06533997259021529,0.016816142933703704
2025-04-03 00:00:00-04:00,-0.15586200580554377,-0.047332397118230674
2025-04-04 00:00:00-04:00,-0.2442275768271438,-0.13507272789558677
2025-04-07 00:00:00-04:00,-0.24200555181095296,-0.14414009190302246
2025-04-08 00:00:00-04:00,-0.2666512967478989,-0.1629238811349234
2025-04-09 00:00:00-04:00,-0.1014719873961718,-0.0677992841386299
2025-04-10 00:00:00-04:00,-0.16409319866258887,-0.10991069766646167
2025-04-11 00:00:00-04:00,-0.13407778779509294,-0.08855027610227784
2025-04-14 00:00:00-04:00,-0.12612670502452827,-0.0721028452217054
2025-04-15 00:00:00-04:00,-0.1260843979298294,-0.07604825858641417
2025-04-16 00:00:00-04:00,-0.172189906395672,-0.09238972132382295
2025-04-17 00:00:00-04:00,-0.1703325623297549,-0.0878177536519602
2025-04-21 00:00:00-04:00,-0.2105696077411654,-0.11537493625388717
2025-04-22 00:00:00-04:00,-0.17031994825028662,-0.08281534846904948
2025-04-23 00:00:00-04:00,-0.1340727596626019,-0.0703753459382046
2025-04-24 00:00:00-04:00,-0.09046942982009676,-0.05284715266056006
2025-04-25 00:00:00-04:00,-0.06638022075424743,-0.05624050340091036
2025-04-26 00:00:00-04:00,-0.06599625041713653,-0.05643584571914917
2025-04-28 00:00:00-04:00,-0.06793233511632968,-0.051451298662591904
2025-04-29 00:00:00-04:00,-0.05764994882095298,-0.043608543258628174
2025-04-30 00:00:00-04:00,-0.05572493954626134,-0.041737156873687065
2025-05-01 00:00:00-04:00,-0.036060512322775296,-0.04376531458120847
2025-05-02 00:00:00-04:00,-0.01216242144741786,-0.020545452672874998
2025-05-05 00:00:00-04:00,-0.023438240305126534,-0.028284278651355743
2025-05-06 00:00:00-04:00,-0.038657946306984714,-0.0374309050355508
2025-05-07 00:00:00-04:00,-0.03350863660912995,-0.029608413511669873
2025-05-08 00:00:00-04:00,-0.021525737023466496,-0.0209359739330528
2025-05-09 00:00:00-04:00,-0.02337077074428917,-0.02190750624682969
2025-05-12 00:00:00-04:00,0.04491556095527782,0.009463270977325244
2025-05-13 00:00:00-04:00,0.0700197031799501,0.0062623674880391
2025-05-14 00:00:00-04:00,0.08122792184980043,-0.003849186028858087
2025-05-15 00:00:00-04:00,0.07816394133301441,0.010244068779798887
2025-05-16 00:00:00-04:00,0.08689531818841667,0.02431632555472918
2025-05-19 00:00:00-04:00,0.08638722298678436,0.025666310321224683
2025-05-20 00:00:00-04:00,0.076029217473921,0.02187599635283055
2025-05-21 00:00:00-04:00,0.048678819278243024,-0.008166650691914246
2025-05-22 00:00:00-04:00,0.052112487420891584,-0.01403339714916818
2025-05-23 00:00:00-04:00,0.033264332349299375,-0.017441344320375585
2025-05-27 00:00:00-04:00,0.0733980379591681,0.005946990233448579
2025-05-28 00:00:00-04:00,0.0649895762151238,-0.005942947414131483
2025-05-29 00:00:00-04:00,0.06951774146638967,-0.0003618548966322077
2025-05-30 00:00:00-04:00,0.06809298140603426,0.00014495020941041048
2025-06-02 00:00:00-04:00,0.07761193536080002,0.0012457322579570995
2025-06-03 00:00:00-04:00,0.0883850991652424,0.009637696236463489
2025-06-04 00:00:00-04:00,0.0940148701102077,0.003142683058474871
2025-06-05 00:00:00-04:00,0.08079763479480784,-0.00025005613180750785
2025-06-06 00:00:00-04:00,0.09832432639034927,0.014207380676629633
2025-06-09 00:00:00-04:00,0.09920336576872835,0.014366598199479608
2025-06-10 00:00:00-04:00,0.10896454409424883,0.02007689955670733
2025-06-11 00:00:00-04:00,0.10149968747696492,0.01792785097106675
2025-06-12 00:00:00-04:00,0.1081034067947595,0.02108141700313526
2025-06-13 00:00:00-04:00,0.08445105152801413,0.005174061362589244
2025-06-16 00:00:00-04:00,0.10457396334064395,0.014947935108678312
2025-06-17 00:00:00-04:00,0.0883411447439506,0.0025146603217134356
2025-06-18 00:00:00-04:00,0.08476430104172827,0.005208677363373715
2025-06-20 00:00:00-04:00,0.07378168319169642,0.00807128940946611
2025-06-23 00:00:00-04:00,0.09167845206177994,0.01977628166077361
2025-06-24 00:00:00-04:00,0.11575740960483305,0.03181662984155875
2025-06-25 00:00:00-04:00,0.1204399124913833,0.022150028884212247
2025-06-26 00:00:00-04:00,0.13580311989430083,0.0329694379657941
2025-06-27 00:00:00-04:00,0.14538449373381512,0.03832522037697372
2025-06-30 00:00:00-04:00,0.15649045637075965,0.04355456686052084
2025-07-01 00:00:00-04:00,0.1358237531551132,0.05685095937319451
2025-07-02 00:00:00-04:00,0.1495759802244525,0.05917353687043847
2025-07-03 00:00:00-04:00,0.16915975985955067,0.06717738550558705
2025-07-07 00:00:00-04:00,0.15421565606570753,0.05371121549797908
2025-07-08 00:00:00-04:00,0.1510620329886232,0.052598079396005026
2025-07-09 00:00:00-04:00,0.16774728855734433,0.05622171414788846
2025-07-10 00:00:00-04:00,0.1658956445283959,0.06438196670261331
2025-07-11 00:00:00-04:00,0.15983487140672548,0.05593769123935921
2025-07-14 00:00:00-04:00,0.16395828136626922,0.057697768295238205
2025-07-15 00:00:00-04:00,0.16737625755600027,0.03779868192551605
2025-07-16 00:00:00-04:00,0.17252144956590887,0.043378755206493036
2025-07-17 00:00:00-04:00,0.1830288295157858,0.05177418494797292
2025-07-18 00:00:00-04:00,0.18235900579464293,0.05127838859937217
2025-07-21 00:00:00-04:00,0.18513167112706563,0.04966594957232928
2025-07-22 00:00:00-04:00,0.17252181795274812,0.06309159161590827
2025-07-23 00:00:00-04:00,0.18644557032977715,0.0740944778680197
2025-07-24 00:00:00-04:00,0.19122066317476927,0.0686030853811963
2025-07-25 00:00:00-04:00,0.19893212245458614,0.07437711446320527
2025-07-28 00:00:00-04:00,0.20530772672376374,0.06711251630766246
2025-07-29 00:00:00-04:00,0.19354474916111686,0.06525951858374235
2025-07-30 00:00:00-04:00,0.19687962842453577,0.05691958027319788
2025-07-31 00:00:00-04:00,0.1972321067260261,0.04324840460821178
2025-08-01 00:00:00-04:00,0.15888751671877488,0.022990273275586004
2025-08-04 00:00:00-04:00,0.19442279124867956,0.03862306495308432
2025-08-05 00:00:00-04:00,0.17785550503598935,0.03670629856856955
2025-08-06 00:00:00-04:00,0.2016621114168522,0.036844314112534304
2025-08-07 00:00:00-04:00,0.197922195082733,0.036655413966024675
2025-08-08 00:00:00-04:00,0.21323863029624923,0.043968123975107076
2025-08-11 00:00:00-04:00,0.20708292661485794,0.03936720779245739
2025-08-12 00:00:00-04:00,0.22872327479406396,0.0576395036667976
2025-08-13 00:00:00-04:00,0.22516632721052376,0.07205302804904012
2025-08-14 00:00:00-04:00,0.22594649155695934,0.06735482815006866
2025-08-15 00:00:00-04:00,0.21881168128506778,0.06331294684967403
2025-08-18 00:00:00-04:00,0.2180922463662469,0.06279329837675829
2025-08-19 00:00:00-04:00,0.18876549406717724,0.06718346055972235
2025-08-20 00:00:00-04:00,0.17622380431356977,0.06836297485808807
2025-08-21 00:00:00-04:00,0.16714727467321056,0.06259090290754066
2025-08-22 00:00:00-04:00,0.1949697683948457,0.08873763446905181
2025-08-25 00:00:00-04:00,0.18966915465591305,0.07685972465234503
2025-08-26 00:00:00-04:00,0.20038928319619664,0.08009071808478896
2025-08-27 00:00:00-04:00,0.2033555375789584,0.08485635627094212
2025-08-28 00:00:00-04:00,0.21442998685342118,0.08582947872090418
2025-08-29 00:00:00-04:00,0.1899281767686385,0.08499836774559322
2025-09-02 00:00:00-04:00,0.1732217456646603,0.07665520875691145
2025-09-03 00:00:00-04:00,0.1905738990566319,0.07488950502452929
2025-09-04 00:00:00-04:00,0.2069663225246834,0.08744689210166046
2025-09-05 00:00:00-04:00,0.20121693448529454,0.08290150795957829
2025-09-08 00:00:00-04:00,0.21113968965820074,0.08134916796654257
2025-09-09 00:00:00-04:00,0.21610646401323197,0.08294268828716977
2025-09-10 00:00:00-04:00,0.22854958207914366,0.07900844681156727
2025-09-11 00:00:00-04:00,0.2372749120543347,0.09964984173741542
2025-09-12 00:00:00-04:00,0.2426709113260137,0.08936337299557051
2025-09-15 00:00:00-04:00,0.25970149304712953,0.08794896724569035
2025-09-16 00:00:00-04:00,0.2550842710523482,0.08656399952390537
2025-09-17 00:00:00-04:00,0.24516957829969432,0.09099864454345252
2025-09-18 00:00:00-04:00,0.2557542464889635,0.09881697720884697
2025-09-19 00:00:00-04:00,0.27373125123499165,0.09624796937570568
2025-09-22 00:00:00-04:00,0.2899159757670524,0.09380935275047864
2025-09-23 00:00:00-04:00,0.2663139680598623,0.09480428864784796
2025-09-24 00:00:00-04:00,0.25543423440981083,0.09154895369609872
2025-09-25 00:00:00-04:00,0.24298333615777046,0.08297086227931594
2025-09-26 00:00:00-04:00,0.2500818868437096,0.09654609952396531
2025-09-29 00:00:00-04:00,0.2564527882150198,0.09816061771522966
2025-09-30 00:00:00-04:00,0.26476610290136593,0.10079147764636343
2025-10-01 00:00:00-04:00,0.27453358849419374,0.10189405357238956
2025-10-02 00:00:00-04:00,0.27581714486263653,0.10259285702182086
2025-10-03 00:00:00-04:00,0.2668923739546243,0.1093389077310516
2025-10-06 00:00:00-04:00,0.2783463281247178,0.11033490363766618
2025-10-07 00:00:00-04:00,0.2657444726098199,0.10402088045335
2025-10-08 00:00:00-04:00,0.28440920354600663,0.10650793503235256
