Date,Growth_Population,Value_Population
2020-01-31,0.9903278963239942,0.9779599848367085
2020-02-03,1.000788835918478,0.9830553969395792
2020-02-04,1.018542706189431,0.9941148685917266
2020-02-05,1.0203052512268156,1.0088655041499854
2020-02-06,1.0240714165197025,1.0083989666934925
2020-02-07,1.0180431246740036,1.0021004451433888
2020-02-10,1.0266786144304805,1.0050991069307504
2020-02-11,1.0253891510601048,1.0091081391875292
2020-02-12,1.03165605053191,1.0122797961693946
2020-02-13,1.0285704716278419,1.0120144224171923
2020-02-14,1.030308783580176,1.0116225210137753
2020-02-18,1.0283180501434155,1.0069013345718836
2020-02-19,1.0332505289322251,1.009709992931533
2020-02-20,1.0250660858624523,1.0098221764956021
2020-02-21,1.0081143539181312,1.0050852585228787
2020-02-24,0.9721268785204701,0.977071133472149
2020-02-25,0.9441341034773414,0.9484542596916024
2020-02-26,0.9458841772396384,0.9409938323831197
2020-02-27,0.9062807914824769,0.9053946597723398
2020-02-28,0.910650824076796,0.8996799234382239
2020-03-02,0.9534380793216056,0.9360593207367268
2020-03-03,0.9275619460977023,0.9159967595657003
2020-03-04,0.9698401944990548,0.9555432467890783
2020-03-05,0.9414967423965162,0.9278250264661534
2020-03-06,0.9317090203534051,0.9158780639819357
2020-03-09,0.8727269223727607,0.8431206526032019
2020-03-10,0.926524460649042,0.8886550594731917
2020-03-11,0.8908811612087912,0.8506341203921997
2020-03-12,0.820384685133371,0.7777719810080623
2020-03-13,0.9024781049043469,0.8565534626401062
2020-03-16,0.8084321255420697,0.7702220126018803
2020-03-17,0.8668435462645994,0.8333160076086144
2020-03-18,0.8396404782970107,0.7909965180577625
2020-03-19,0.856715056217205,0.8051324457377373
2020-03-20,0.8341661445329459,0.7889277184626212
2020-03-23,0.8324031292224657,0.7702010038014775
2020-03-24,0.9177653323839113,0.863263757044989
2020-03-25,0.9340740398553123,0.8966322591996378
2020-03-26,0.9943800703548618,0.9604207325658548
2020-03-27,0.9668376328830592,0.9427759990105036
2020-03-30,1.007446042978644,0.9806588517227595
2020-03-31,0.999530026042042,0.9733017669700202
2020-04-01,0.967071667707643,0.9422476058586714
2020-04-02,0.9933409618400221,0.9773090693547121
2020-04-03,0.9860300534764447,0.9735120319613652
2020-04-06,1.0584900542709479,1.0396005348510646
2020-04-07,1.0601187515932293,1.0527733810646078
2020-04-08,1.0922450783605104,1.0965164256759143
2020-04-09,1.0949717851603653,1.1181210976927594
2020-04-13,1.0903130570323594,1.0939173428058502
2020-04-14,1.1214709897746395,1.1064841383713306
2020-04-15,1.0996234196678383,1.0676437525301432
2020-04-16,1.1025378569008415,1.0567870451174397
2020-04-17,1.1112391566556072,1.0892244412728471
2020-04-20,1.0849506079596198,1.056972004823394
2020-04-21,1.036673400708869,1.0204458339063258
2020-04-22,1.0573765439319356,1.0304209789434293
2020-04-23,1.049088733422444,1.0252652333650265
2020-04-24,1.0608768640897115,1.0345061799335615
2020-04-27,1.0650539980706564,1.0529305907628388
2020-04-28,1.0467252960534748,1.0567982894410757
2020-04-29,1.0700946726893938,1.0742223874781052
2020-04-30,1.0591747087796917,1.0422200809604676
2020-05-01,1.02468705701073,1.0065562785815336
2020-05-04,1.0255602566470234,0.9998644004095407
2020-05-05,1.0341389300326098,1.0014365138755725
2020-05-06,1.029851456436416,0.9839821259526399
2020-05-07,1.0387163984080594,0.9964114705811231
2020-05-08,1.0476800074226709,1.0198165825581538
2020-05-11,1.0502229547973714,1.0092228902125153
2020-05-12,1.026934108217073,0.9876335511937842
2020-05-13,1.0093881657999009,0.964637862235178
2020-05-14,1.0179134980343911,0.9784041773872428
2020-05-15,1.024420110833277,0.9797316148603922
2020-05-18,1.04414877753953,1.0227642998713238
2020-05-19,1.032960427585024,1.0042135561745222
2020-05-20,1.0460203384667566,1.0204026469615373
2020-05-21,1.035050055891192,1.0130054463912734
2020-05-22,1.0355736897962164,1.0114220858633043
2020-05-26,1.0343152458060696,1.0381484168105872
2020-05-27,1.0385983055221817,1.0597291018209583
2020-05-28,1.0374667386066039,1.053213864334955
2020-05-29,1.042451205492308,1.0500600179870037
2020-06-01,1.0439789055174942,1.0519365033017558
2020-06-02,1.0455678759916265,1.0582879200059985
2020-06-03,1.0498464171362147,1.0769782814670097
2020-06-04,1.0346189457391164,1.0765202569640737
2020-06-05,1.0529285619228501,1.1006665547461802
2020-06-08,1.0574625257071424,1.1141480682450522
2020-06-09,1.0543982588464644,1.0854188252021886
2020-06-10,1.0548862810988304,1.05496876452095
2020-06-11,0.9946328586467356,0.9827376718360358
2020-06-12,1.0017708391628424,0.9961039990452596
2020-06-15,1.0093365435722579,1.0004913781755953
2020-06-16,1.0270350245211841,1.014038034778763
2020-06-17,1.0241636311500772,1.000150586109545
2020-06-18,1.0233389202142948,0.9966772093648775
2020-06-19,1.0181939556157205,0.9858645899156211
2020-06-22,1.0261559821383528,0.9828733977583466
2020-06-23,1.0296999310887551,0.9825151811499021
2020-06-24,1.0031080244052617,0.9550004840760132
2020-06-25,1.0123071213172414,0.9658610933997762
2020-06-26,0.9879770789647591,0.945426475523826
2020-06-29,0.9970270637489275,0.9639938512485118
2020-06-30,1.0135438625139732,0.9758128204652544
2020-07-01,1.0259250713665282,0.9768628468683477
2020-07-02,1.02816087814592,0.9841433693809558
2020-07-06,1.0472693709032068,0.9976337484916905
2020-07-07,1.0378257915443985,0.9888225438216726
2020-07-08,1.04961584539292,0.9957297478583095
2020-07-09,1.0516167648765524,0.984289452412843
2020-07-10,1.049238274844838,1.0016157504390406
2020-07-13,1.0243193482515047,1.0005878127715486
2020-07-14,1.0320853728249044,1.0153431606915877
2020-07-15,1.0336574012435846,1.0327123716964854
2020-07-16,1.023656555064418,1.0311088454344404
2020-07-17,1.0244459825355627,1.0342727273381538
2020-07-20,1.0459808876344863,1.0264906129001725
2020-07-21,1.0332931871910436,1.037231295737603
2020-07-22,1.036624366631515,1.0410786112056012
2020-07-23,1.0105275833311342,1.0364336241109722
2020-07-24,1.0026585070625318,1.0245443241736985
2020-07-27,1.0136614773296073,1.0222998075977536
2020-07-28,1.000834345381875,1.0164476381775616
2020-07-29,1.011381775725707,1.0273562434141557
2020-07-30,1.0123480771862257,1.0147625947491157
2020-07-31,1.0255189092593657,1.0097021345391228
2020-08-03,1.0362248399106142,1.0115393042505205
2020-08-04,1.0363272798144674,1.0138180751308137
2020-08-05,1.03966694085125,1.018764018331116
2020-08-06,1.0463339213093756,1.016972281593936
2020-08-07,1.0338828892716538,1.0247221416603518
2020-08-10,1.0256148303880774,1.0304451247372284
2020-08-11,1.008785344006463,1.0266018081814061
2020-08-12,1.0273370070468009,1.0308974457471856
2020-08-13,1.0294609632302714,1.022409954291434
2020-08-14,1.0246883626667824,1.021348573805273
2020-08-17,1.033036399830357,1.0172988804541947
2020-08-18,1.0384629334110502,1.0124588621748423
2020-08-19,1.0310934309667805,1.0070603450729043
2020-08-20,1.0384330754404272,1.0020089845054325
2020-08-21,1.0390160188960846,1.0016640326814408
2020-08-24,1.0396473225780398,1.0149143181821174
2020-08-25,1.042397115541124,1.012329287954748
2020-08-26,1.0583345351459026,1.0092651455270407
2020-08-27,1.0517162031836778,1.0144861005399248
2020-08-28,1.0523897413560175,1.019005953302382
2020-08-31,1.0533295515311698,1.0086292605083285
2020-09-01,1.06458866510459,1.0100801643609414
2020-09-02,1.0698344855850614,1.0240139467694476
2020-09-03,1.0153983684061367,1.0017739889302846
2020-09-04,0.9979466505840672,0.9999094295144587
2020-09-08,0.9607576223437937,0.9822928027120456
2020-09-09,0.9856124621559101,0.9945011375715149
2020-09-10,0.9660905518507906,0.9811346873207049
2020-09-11,0.96193197942218,0.9873823064205133
2020-09-14,0.9772323076430879,1.0014034718282367
2020-09-15,0.9873769444237104,1.000668711954327
2020-09-16,0.9752254983521029,1.0065353077034878
2020-09-17,0.9630969001726483,1.0016618210409984
2020-09-18,0.954685646098499,0.9919318131010981
2020-09-21,0.9572671007333989,0.9701486119892103
2020-09-22,0.9739704242042982,0.9742771454953062
2020-09-23,0.9504852959076535,0.9568584886779354
2020-09-24,0.9576388963012649,0.9607405632165098
2020-09-25,0.9811433441992735,0.973831438886627
2020-09-28,1.0001076830300144,0.9913226913668058
2020-09-29,1.0003700312620643,0.9852990312128457
2020-09-30,1.0118784355221233,0.9939539351299937
2020-10-01,1.0279972547581209,0.9985285181327896
2020-10-02,1.0088961491487691,1.0023196280028668
2020-10-05,1.0284531711721574,1.0185661786124645
2020-10-06,1.0108243725567934,1.0088395987415548
2020-10-07,1.0286681152499766,1.0242221464117747
2020-10-08,1.0306276700291244,1.0355076539903982
2020-10-09,1.0431276570816248,1.0353579374845372
2020-10-12,1.062790194525081,1.0418895324615407
2020-10-13,1.0590962190424296,1.030394203589503
2020-10-14,1.0475468119496052,1.025578578913782
2020-10-15,1.0383565826428844,1.0279049654804988
2020-10-16,1.0302568582740814,1.0289336285568975
2020-10-19,1.012117761501194,1.012286926689075
2020-10-20,1.0125215257993252,1.0151401917152936
2020-10-21,1.0066337260551133,1.0081460880393307
2020-10-22,1.0027903068830322,1.0185225995475693
2020-10-23,1.0053305505339993,1.0169518654849508
2020-10-26,0.9883701036297996,0.9949278213511379
2020-10-27,0.9923809604545196,0.9815876401959871
2020-10-28,0.9562225112248119,0.95393764404809
2020-10-29,0.9689419331353784,0.9619361612793047
2020-10-30,0.9479247351825892,0.962741435862
2020-11-02,0.9551800205651333,0.9814376514813025
2020-11-03,0.9724485750047163,0.9991999254385566
2020-11-04,1.0140681754410672,0.9991049618476774
2020-11-05,1.0352544089697255,1.0163703206270154
2020-11-06,1.0350745967232131,1.0149901821003808
2020-11-09,1.018140250480416,1.0553757201398648
2020-11-10,1.0048733157655287,1.064594527713285
2020-11-11,1.0239133676038439,1.0584737410796403
2020-11-12,1.018205922644765,1.0427295523163087
2020-11-13,1.025605082466548,1.0601329924323555
2020-11-16,1.0295897823675466,1.0751973841809435
2020-11-17,1.0266092001692457,1.066379856824573
2020-11-18,1.016406849660625,1.0502570858577538
2020-11-19,1.0219412516649289,1.0500489971496283
2020-11-20,1.0156611021480924,1.0426994423944862
2020-11-23,1.0144957637783052,1.0522665718352753
2020-11-24,1.0232541863192677,1.0681650882842824
2020-11-25,1.0241900157270192,1.0537996294237801
2020-11-27,1.0285039208204179,1.0459796381400295
2020-11-30,1.0257367003072273,1.0285812095011235
2020-12-01,1.0308171549314586,1.0322345757095124
2020-12-02,1.0240833471816295,1.0323097086433042
2020-12-03,1.0220000550319863,1.029126870305022
2020-12-04,1.027345216672873,1.0370799821300556
2020-12-07,1.0295253528227033,1.0264059800605252
2020-12-08,1.0308758876209896,1.0268933760916523
2020-12-09,1.0109196633489617,1.0225492233302858
2020-12-10,1.0125805254045763,1.0189596624052562
2020-12-11,1.0094182989173273,1.0139527075028962
2020-12-14,1.0111406141548034,1.0022739588555611
2020-12-15,1.0210490556212037,1.0160985772856266
2020-12-16,1.0243639150248727,1.011976993715536
2020-12-17,1.03072805944546,1.014741182685837
2020-12-18,1.02706628481203,1.0083838375013743
2020-12-21,1.0233996149082731,1.0014996155988969
2020-12-22,1.0248761062259046,0.9949821595084537
2020-12-23,1.015851951439074,1.0023072228120053
2020-12-24,1.0183080950855716,1.0044809686549918
2020-12-28,1.024365093787397,1.0061196152297869
2020-12-29,1.020101729672102,1.0021000712164914
2020-12-30,1.0178268696329285,1.005939125222402
2020-12-31,1.0183152580205659,1.012597490188839
2021-01-04,1.0028679522430402,0.9986441596010569
2021-01-05,1.007060621925838,1.0071089855896724
2021-01-06,0.995553718847574,1.0306360182068455
2021-01-07,1.0169082178227993,1.037639418706077
2021-01-08,1.024738035561467,1.0361642192950085
2021-01-11,1.01057100778949,1.0347433741680436
2021-01-12,1.0066103106459197,1.0371454967748106
2021-01-13,1.0095442668714447,1.0331538114565793
2021-01-14,0.9995705418755088,1.0345545372696197
2021-01-15,0.9938520920149667,1.0226479438911757
2021-01-19,1.00485584505633,1.0251070593590956
2021-01-20,1.0246214216046794,1.02737671723554
2021-01-21,1.0283823065796829,1.0187231472946865
2021-01-22,1.0262511845710642,1.0108310082686853
2021-01-25,1.0313513542248822,1.0078502849118178
2021-01-26,1.0281013026061057,1.001658828420324
2021-01-27,1.0020917025320641,0.9754344383599126
2021-01-28,1.0068582257108227,0.9884488276861795
2021-01-29,0.986601495151077,0.9715332059092217
2021-02-01,1.0068124605833801,0.981741676804626
2021-02-02,1.0213483717320182,0.9943271932005471
2021-02-03,1.0171599238170415,0.997217090880123
2021-02-04,1.0249871115308038,1.0094018419199156
2021-02-05,1.0271104994291502,1.0143107133997211
2021-02-08,1.0313536994432702,1.024463929802208
2021-02-09,1.0283632901321176,1.0237135564971667
2021-02-10,1.024232127273106,1.024418209210806
2021-02-11,1.0258643368292168,1.0242550303402262
2021-02-12,1.0280950398536786,1.0292438900748964
2021-02-16,1.0201522984746436,1.0293770585221558
2021-02-17,1.0149279621269243,1.0289078179553555
2021-02-18,1.0103391546283227,1.0223805816878668
2021-02-19,1.0036975859569535,1.0263236662332802
2021-02-22,0.9827893865290752,1.0284290279297512
2021-02-23,0.9810860715291571,1.0296667196070863
2021-02-24,0.9882807193584111,1.0412932456888253
2021-02-25,0.9587257101955655,1.017751834446065
2021-02-26,0.9625574454173075,1.0036809625568401
2021-03-01,0.986828020423753,1.0224715000145883
2021-03-02,0.9745467413698133,1.0154468392471152
2021-03-03,0.9504940737838615,1.0105171698741966
2021-03-04,0.9368175441961583,0.9972008749712301
2021-03-05,0.9537699434168264,1.0170427989944222
2021-03-08,0.9373527872251224,1.0230755493234451
2021-03-09,0.97115433804019,1.0206652519119366
2021-03-10,0.9732074317676466,1.031572911861161
2021-03-11,0.995720581112266,1.0322188944697737
2021-03-12,0.9927395293145943,1.0380315215962312
2021-03-15,1.0044945174638482,1.039850528183322
2021-03-16,1.0092903787823815,1.0302496957249083
2021-03-17,1.0120817321417936,1.0328458733655554
2021-03-18,0.9892404978395076,1.022338993484042
2021-03-19,0.9945310595399902,1.0163156902432389
2021-03-22,1.0099186517322838,1.0143476355455419
2021-03-23,1.0070859977637243,0.9990432780254412
2021-03-24,0.9946866903426235,0.9988889185125377
2021-03-25,0.9941078322939569,1.0093031276201505
2021-03-26,1.0095655629807498,1.0227767817548488
2021-03-29,1.0095372038130157,1.0164359451775609
2021-03-30,1.0049510614387722,1.0161256033448676
2021-03-31,1.0164001325398326,1.0102256286505282
2021-04-01,1.029103699064658,1.0158481634067928
2021-04-05,1.0433350091470854,1.022320201658561
2021-04-06,1.0393737721126795,1.0209328900435368
2021-04-07,1.0386234062012498,1.0168528013132718
2021-04-08,1.0459585066475523,1.015919710155315
2021-04-09,1.0517541508510388,1.019371518045453
2021-04-12,1.048865956723179,1.019061558994675
2021-04-13,1.056126967448593,1.0153904134603249
2021-04-14,1.0424740457658017,1.0178212438049115
2021-04-15,1.0556536809921742,1.0219980113810734
2021-04-16,1.051852365942295,1.0251188487186842
2021-04-19,1.0390161356698653,1.01971820612655
2021-04-20,1.0295283658461185,1.0089342750636117
2021-04-21,1.0340680431268379,1.017481837812882
2021-04-22,1.0211012860374002,1.007865104958701
2021-04-23,1.0294029855804923,1.0154817029310064
2021-04-26,1.0306195305725998,1.0145515610055948
2021-04-27,1.0235610056141258,1.0146071002616148
2021-04-28,1.016358857108919,1.0145399472840941
2021-04-29,1.014846218168712,1.020671184828084
2021-04-30,1.0061590461257235,1.0113037039841515
2021-05-03,1.0008878572481024,1.0163679683926867
2021-05-04,0.9853485599821287,1.0158393823401208
2021-05-05,0.9803285716904561,1.0176531707239242
2021-05-06,0.9853837502214492,1.023904569238531
2021-05-07,0.9926959228862894,1.0294034337047435
2021-05-10,0.9738780742800001,1.0260871169611525
2021-05-11,0.9717708831581297,1.011328331225855
2021-05-12,0.9497551649410269,0.991366429006426
2021-05-13,0.9610812724551797,1.004428461490875
2021-05-14,0.9810149572376496,1.0163478742405345
2021-05-17,0.9781007400633116,1.0139099817647723
2021-05-18,0.9743253350510481,1.0032312984362657
2021-05-19,0.9763198502257026,0.996817606726314
2021-05-20,0.9938476986361849,1.0010009023191515
2021-05-21,0.9909373371508854,1.0037733882280107
2021-05-24,1.0060454921648723,1.0084113836006923
2021-05-25,1.0085512561047643,1.0020492165680832
2021-05-26,1.0122260866911816,1.0041015897999732
2021-05-27,1.008857400680058,1.0088027338295893
2021-05-28,1.013095766190189,1.008736412231259
2021-06-01,1.0087736156928249,1.0111921910443975
2021-06-02,1.0107418561965917,1.0111403649336648
2021-06-03,1.002367042578459,1.0094370943338582
2021-06-04,1.015956541485286,1.0133500098230064
2021-06-07,1.0189616094403287,1.0100145901846682
2021-06-08,1.0197225178261298,1.010166708674251
2021-06-09,1.0183489255515714,1.005331461176402
2021-06-10,1.025970297348055,1.003215361426799
2021-06-11,1.0252345817523696,1.0049963399403472
2021-06-14,1.0320456717601423,0.9998223868542845
2021-06-15,1.023911469375331,1.000670812656447
2021-06-16,1.0171963492962437,0.993958516617855
2021-06-17,1.026701519887038,0.9816461718327469
2021-06-18,1.01825094658226,0.9644807097180507
2021-06-21,1.023964339083764,0.9838837505704908
2021-06-22,1.031893520188884,0.9858232343562064
2021-06-23,1.0294578404417445,0.9848136042584896
2021-06-24,1.0321342074493607,0.9919431882382261
2021-06-25,1.0311048623028085,0.998293597513013
2021-06-28,1.036362713164223,0.9945726760602981
2021-06-29,1.0363916051895619,0.9923060321313683
2021-06-30,1.0305824734503897,0.9963899005814842
2021-07-01,1.0301245598330688,1.0037325261375654
2021-07-02,1.0377602006380942,1.006422893531503
2021-07-06,1.0396049060780717,0.9980245672563549
2021-07-07,1.0390432076620872,1.0010974746060664
2021-07-08,1.0284555097780845,0.991924121271423
2021-07-09,1.0333512687557043,1.0068862872234712
2021-07-12,1.031820991219571,1.0110694931824509
2021-07-13,1.0275398312490551,1.003766607744464
2021-07-14,1.0257730365538045,1.0024051582491262
2021-07-15,1.016635403906825,1.0015847381820118
2021-07-16,1.0078660399412531,0.9941286910087815
2021-07-19,0.9952682580006708,0.9760377707379795
2021-07-20,1.0087933248840473,0.9919416758269792
2021-07-21,1.0140452629165768,1.0006976402598464
2021-07-22,1.018349756767858,0.9973470814295309
2021-07-23,1.0296944605995086,1.0027029947553299
2021-07-26,1.0271685376296302,1.0062255185538604
2021-07-27,1.0154585460485435,1.0060534423747627
2021-07-28,1.015702686431321,1.004815713293855
2021-07-29,1.0154109727259601,1.010784250257013
2021-07-30,1.0071879022482013,1.0076184396514059
2021-08-02,1.0049030922738504,1.0052542019520307
2021-08-03,1.0106190671834645,1.0128957202456845
2021-08-04,1.010610404161834,1.0028954952671862
2021-08-05,1.015985418719333,1.00788274453586
2021-08-06,1.0111651243380437,1.0140792157348706
2021-08-09,1.0102961389646625,1.0119582624795118
2021-08-10,1.0051267773067243,1.0170010374191294
2021-08-11,1.0030984073557567,1.0219949116752851
2021-08-12,1.0072401038916048,1.0216692248986
2021-08-13,1.008044631779337,1.0199056036823408
2021-08-16,1.0080304705616248,1.0173590176166536
2021-08-17,0.9977732109070406,1.0107061963988218
2021-08-18,0.9884459586584673,0.9989272693491665
2021-08-19,0.991616038870669,0.9951833317327573
2021-08-20,1.0023935897086078,1.0004872943600716
2021-08-23,1.0147740908379905,1.0058396345077343
2021-08-24,1.0160243460310687,1.0080536714081234
2021-08-25,1.0166890366448127,1.0105927108227393
2021-08-26,1.0101450296143566,1.0039208240596402
2021-08-27,1.0186206598842589,1.0114500519302247
2021-08-30,1.0270945695507847,1.0076700917151205
2021-08-31,1.022628501561513,1.0064953240387846
2021-09-01,1.0235602894153555,1.0050948887278432
2021-09-02,1.022075504944402,1.0101990310694333
2021-09-03,1.024194517259364,1.0059621893517594
2021-09-07,1.02203284994238,0.9972597783415359
2021-09-08,1.0172625369735822,0.9966906860864274
2021-09-09,1.0117611954654802,0.992950857542454
2021-09-10,1.0028978020746908,0.9863097675642356
2021-09-13,1.0004067482625691,0.992926871948569
2021-09-14,0.9976839452029527,0.9847829479327309
2021-09-15,1.0042161963344924,0.9943299628351538
2021-09-16,1.0036299602942538,0.9907920943909421
2021-09-17,0.99094249516442,0.985165558148354
2021-09-20,0.9725397716362862,0.9715278057805675
2021-09-21,0.9758353532992036,0.9703597867925092
2021-09-22,0.9854506647755774,0.9813355026650555
2021-09-23,0.9953924309635267,0.9959381541379893
2021-09-24,0.9961181144072112,0.9976736672661155
2021-09-27,0.9882122297990182,1.0019002656745148
2021-09-28,0.9626195801439694,0.9906802048716437
2021-09-29,0.9641281181887938,0.9948997047137612
2021-09-30,0.959248823793561,0.981382046103638
2021-10-01,0.9719126562981542,0.9956376062310914
2021-10-04,0.9544825387043104,0.9925025926122568
2021-10-05,0.9697124830154243,1.0002946008322458
2021-10-06,0.9786223605509511,1.0034085625779412
2021-10-07,0.9908825488924479,1.0114451328845913
2021-10-08,0.9883153549712116,1.0107320749564472
2021-10-11,0.9841350463742549,1.0028684632040592
2021-10-12,0.9857279290577803,1.001341787126624
2021-10-13,0.994742828363377,1.0026849365077057
2021-10-14,1.0129543091495918,1.017906175794704
2021-10-15,1.0212548235932242,1.0229231281520406
2021-10-18,1.0293987223000594,1.0182036809928372
2021-10-19,1.0352340863281724,1.0237244450305618
2021-10-20,1.0328368203444973,1.0307310882498262
2021-10-21,1.03962199250567,1.027880986890207
2021-10-22,1.033827983196881,1.0284136015539735
2021-10-25,1.0407785368666365,1.0287136452784775
2021-10-26,1.0392491978552174,1.0262199584523848
2021-10-27,1.0364980951004978,1.0108071189650345
2021-10-28,1.0439942644988272,1.0174549677382752
2021-10-29,1.0455810519716562,1.0145894445714605
2021-11-01,1.040583988455559,1.017394433308849
2021-11-02,1.0399874484144007,1.0181184744877063
2021-11-03,1.0436869068971162,1.0209107036138496
2021-11-04,1.0505543541962115,1.0149540917885866
2021-11-05,1.0467903928105584,1.0179101760124596
2021-11-08,1.0424374716086942,1.0176603331649785
2021-11-09,1.0324666752757767,1.0142311505801624
2021-11-10,1.013747410156974,1.0089028138167104
2021-11-11,1.0123612024005522,1.007449664651587
2021-11-12,1.0213904923199693,1.009174762995393
2021-11-15,1.017973743758954,1.0084856455753661
2021-11-16,1.025039400483994,1.005854361396319
2021-11-17,1.020159879521872,1.0008468958828787
2021-11-18,1.0253242927139314,0.996420181393688
2021-11-19,1.0257432998633786,0.9880174684890972
2021-11-22,1.0108237146707644,0.9925763028723479
2021-11-23,1.0041493139223998,0.9991468491566443
2021-11-24,1.0084167223642755,0.9979994386825144
2021-11-26,0.9858117284024688,0.9764644051139393
2021-11-29,1.0033291587047728,0.9809129474743175
2021-11-30,0.9876347283724011,0.9594411890049539
2021-12-01,0.9701167355175988,0.9525829389959898
2021-12-02,0.9814578523190862,0.9750171876590892
2021-12-03,0.96701012214997,0.974379331648906
2021-12-06,0.9774877149380812,0.9892213729959055
2021-12-07,1.0064841780749672,1.0024332930938047
2021-12-08,1.0126284271628805,1.0039242099616537
2021-12-09,1.000046347611737,1.0010475012326436
2021-12-10,1.0089787542034467,1.0063036297759038
2021-12-13,0.9969970649877911,1.002845947830168
2021-12-14,0.9857943965829359,1.0020596722663224
2021-12-15,1.0069793704776155,1.011451672241525
2021-12-16,0.9859056261305168,1.0158947499216386
2021-12-17,0.983302974542946,1.003826909550959
2021-12-20,0.9739554971442483,0.9935654910685264
2021-12-21,0.9975004379720751,1.008465503906633
2021-12-22,1.0101515699156878,1.0147685335936627
2021-12-23,1.0182475368356854,1.0202071487429423
2021-12-27,1.0316118480351604,1.0292630281558348
2021-12-28,1.0264248348910097,1.0291318380131804
2021-12-29,1.0254472172591043,1.0282770421703742
2021-12-30,1.019252757805401,1.0239913560710874
2021-12-31,1.01269749129303,1.0212237650800409
2022-01-03,1.0173328511076367,1.0219883025969951
2022-01-04,1.0051809359578328,1.028357973527918
2022-01-05,0.9745064892233424,1.0178533463995216
2022-01-06,0.9736460695542097,1.0182918116237945
2022-01-07,0.9646881824218125,1.0189589060776987
2022-01-10,0.9664035116043717,1.0158510299151104
2022-01-11,0.97861071380084,1.0218958986053257
2022-01-12,0.982226802648999,1.0204190986291874
2022-01-13,0.9603399695404099,1.0145814802559903
2022-01-14,0.9641818574846365,1.0115666082320875
2022-01-18,0.9440882228156403,0.9956374184757185
2022-01-19,0.9360060779504987,0.9856135790476434
2022-01-20,0.9280696860306468,0.9761758534790936
2022-01-21,0.9091541671359101,0.9634010251464912
2022-01-24,0.9218671436311416,0.9660539337087939
2022-01-25,0.908234030205293,0.9639225344798525
2022-01-26,0.915611895071041,0.9594860536728144
2022-01-27,0.9151423046985774,0.959055061044643
2022-01-28,0.9533253523488132,0.9748692339718518
2022-01-31,0.9858791589523245,0.9869935218654534
2022-02-01,0.998226944212571,0.9951699242153544
2022-02-02,1.0089148048466083,1.004252947934392
2022-02-03,0.9758724663850565,0.9946609837937408
2022-02-04,0.9908219762910145,0.9961966178404057
2022-02-07,0.9870135826690032,0.9984803771064992
2022-02-08,0.9997472663466408,1.0061695900086964
2022-02-09,1.021587068000273,1.01826810226055
2022-02-10,1.0041552699278369,1.0061075103786141
2022-02-11,0.9781169967518939,0.9969817922784339
2022-02-14,0.9823094416675701,0.9915270144012845
2022-02-15,1.0057014431957318,1.0037225999120247
2022-02-16,1.00587761538022,1.0057471992754108
2022-02-17,0.9783605721521336,0.9907285298497671
2022-02-18,0.9684968843656827,0.9864612882543953
2022-02-22,0.957264340757125,0.9787102320469021
2022-02-23,0.9355905118891308,0.9675524520705361
2022-02-24,0.9661627503293939,0.9693362976154491
2022-02-25,0.9816205171959681,0.9958844991052989
2022-02-28,0.98452946570206,0.9906095360200112
2022-03-01,0.9727759638702937,0.9766553763565262
2022-03-02,0.9912157100477005,0.99665350966084
2022-03-03,0.9805541128495101,0.9985304906095249
2022-03-04,0.968283590225235,0.9956278834607917
2022-03-07,0.9349786831054228,0.9747348660948374
2022-03-08,0.9342340872575422,0.96917026842564
2022-03-09,0.9728269155256808,0.9883470606877324
2022-03-10,0.970061138181782,0.989773394106449
2022-03-11,0.9558142604542962,0.9840768253585561
2022-03-14,0.9438211476305193,0.9846994026148668
2022-03-15,0.97572383262707,0.9977752510499948
2022-03-16,1.0101369714487394,1.01414211198991
2022-03-17,1.0251114046546124,1.0261391421082549
2022-03-18,1.0462569292664499,1.0287284351499988
2022-03-21,1.041463155406252,1.0294266109576455
2022-03-22,1.056370698212805,1.0338168251469073
2022-03-23,1.0377254258639537,1.0197980162228397
2022-03-24,1.054264068156499,1.027467510958077
2022-03-25,1.0510299969791312,1.03557908259522
2022-03-28,1.064454657706468,1.0329847751705683
2022-03-29,1.0790118152049744,1.0396880160346824
2022-03-30,1.0638371964698812,1.0349016549702863
2022-03-31,1.0449583547916517,1.0184961921950884
2022-04-01,1.0436472903197864,1.0209205575847125
2022-04-04,1.0555856191080328,1.0166417170395756
2022-04-05,1.0295889924296535,1.0069232368593446
2022-04-06,1.0041233328194654,1.0057361075562716
2022-04-07,1.0044919833037833,1.0080426690390687
2022-04-08,0.9901569216624221,1.010706595706969
2022-04-11,0.964592313550081,0.9988104473649969
2022-04-12,0.959624945123014,0.9941052751622406
2022-04-13,0.9751717396471665,1.0005733162894668
2022-04-14,0.9569829911134642,0.9947598758177207
2022-04-18,0.9574580390944284,0.9935702395479762
2022-04-19,0.978380406065989,1.0059684269551095
2022-04-20,0.9711674396939977,1.0124144895151854
2022-04-21,0.954738213226719,0.9987443574160791
2022-04-22,0.931151908606739,0.9738713527345984
2022-04-25,0.9468340575156604,0.975765523161128
2022-04-26,0.9167984822596907,0.9584299230456101
2022-04-27,0.9267283666452167,0.9619742055885457
2022-04-28,0.9633049063856077,0.9792515242427089
2022-04-29,0.926992880011321,0.9526246112648682
2022-05-02,0.944785750007358,0.956002503252454
2022-05-03,0.9518252309699081,0.9667679060887457
2022-05-04,0.986811127408206,0.993167221502675
2022-05-05,0.9443076207655049,0.9708875123984705
2022-05-06,0.9396092153137103,0.9706602099412299
2022-05-09,0.9083285246883372,0.9475846224845784
2022-05-10,0.9210118434154771,0.9483435313515715
2022-05-11,0.9011601919907798,0.9463640591482821
2022-05-12,0.9076034171731321,0.9519456129557246
2022-05-13,0.9452861869752301,0.971778734432166
2022-05-16,0.940539821285687,0.9756973931841735
2022-05-17,0.9690083926445573,0.995616439624667
2022-05-18,0.9305958809902054,0.9684114113893545
2022-05-19,0.9343046455164099,0.9671248679427251
2022-05-20,0.9380985366005884,0.9728213262256881
2022-05-23,0.9603162286260021,0.9924360021289813
2022-05-24,0.9455922158535855,0.9947481723817581
2022-05-25,0.9632011276941025,1.0026141294486925
2022-05-26,0.9934904689814196,1.0184885039677403
2022-05-27,1.0274838042276238,1.0354980297667342
2022-05-31,1.0238752324347309,1.0257450114767468
2022-06-01,1.0181095830291758,1.0178720876614649
2022-06-02,1.0498236300079211,1.0304291885726498
2022-06-03,1.0263064909726642,1.0204349781900195
2022-06-06,1.0308329097912923,1.022023036835273
2022-06-07,1.0382018684817103,1.0307610613690785
2022-06-08,1.028476057298704,1.0155366583700418
2022-06-09,0.9997617124022832,0.9920454239587173
2022-06-10,0.9628263213152686,0.9695500181913476
2022-06-13,0.9240742829629554,0.9372141303518666
2022-06-14,0.9281319721378999,0.9334506182797073
2022-06-15,0.9528316534780031,0.9439365781633208
2022-06-16,0.9183489364356019,0.9199571916934851
2022-06-17,0.9293463251672813,0.9196347188761146
2022-06-21,0.9541710079781156,0.9430936907746655
2022-06-22,0.9558908475572394,0.94456374537214
2022-06-23,0.972891594616872,0.9514953868825347
2022-06-24,1.0079467139353542,0.9792021388067425
2022-06-27,1.0017108985273513,0.982195792369583
2022-06-28,0.9771006131370162,0.9740745322533366
2022-06-29,0.9823695605921913,0.9737332741450613
2022-06-30,0.9738422492428689,0.971182257670331
2022-07-01,0.9889293257892358,0.9875283336116145
2022-07-05,1.0044841965877918,0.98575673108241
2022-07-06,1.0122294020313214,0.9890727289717998
2022-07-07,1.0339889395693551,1.006258981490941
2022-07-08,1.0368256871649462,1.0074088457173611
2022-07-11,1.0209839085443175,1.0020848666510813
2022-07-12,1.0085190600729683,0.9988079391953295
2022-07-13,1.0033441011158286,0.9930713604069441
2022-07-14,1.0031027853712644,0.983491469339976
2022-07-15,1.018928432661111,1.004197839058331
2022-07-18,1.0059728623908173,0.9979983406413251
2022-07-19,1.0311352486940342,1.0211738673765562
2022-07-20,1.039231574867341,1.022785939920753
2022-07-21,1.0492435146559105,1.0262007052983604
2022-07-22,1.0322874242722144,1.018220701672244
2022-07-25,1.0284489838046116,1.0221301656395314
2022-07-26,1.0097406128834672,1.0148388542086344
2022-07-27,1.0422031615838692,1.0302214976236506
2022-07-28,1.054444667834757,1.0377395008014139
2022-07-29,1.0683207736544298,1.0436418940599106
2022-08-01,1.0603482709732366,1.0384274887444789
2022-08-02,1.0512660748416582,1.0284224003441198
2022-08-03,1.068383849175944,1.0360380218750826
2022-08-04,1.066985309608502,1.029015516895285
2022-08-05,1.059337171616384,1.0287289403217588
2022-08-08,1.0517102959733284,1.027990061701472
2022-08-09,1.0371214093795764,1.0239300439251735
2022-08-10,1.0573159822439588,1.0383251832759686
2022-08-11,1.0459976629478331,1.0378487913231464
2022-08-12,1.0595799107221426,1.0484648156975895
2022-08-15,1.0584982166227876,1.044791594355468
2022-08-16,1.0527972139739925,1.0450610951314998
2022-08-17,1.0399270249434336,1.032593799448437
2022-08-18,1.0383079863547189,1.032008697908364
2022-08-19,1.017293655327244,1.0173358244122008
2022-08-22,0.9908724433968,0.9965391648246149
2022-08-23,0.98552076473934,0.992800409900004
2022-08-24,0.9862149435289881,0.9959204956015416
2022-08-25,0.9998140088921247,1.007958571681141
2022-08-26,0.962685040381279,0.9795292674854175
2022-08-29,0.9549029500998756,0.9761881387362684
2022-08-30,0.946256018406137,0.9653182857445749
2022-08-31,0.9413523481510259,0.9602879009028571
2022-09-01,0.9445151371446621,0.9637526810732935
2022-09-02,0.9366116237030139,0.9573072537248055
2022-09-06,0.9367107252112657,0.9552426473338781
2022-09-07,0.9570705969246194,0.972755402912543
2022-09-08,0.9655302955374545,0.9834637598157037
2022-09-09,0.9862346257451998,0.9982661237130284
2022-09-12,1.0009602950003273,1.0085098747186776
2022-09-13,0.9573664477567051,0.9746255177193738
2022-09-14,0.9676319928648565,0.9795796464313777
2022-09-15,0.9586510350974934,0.976277129687027
2022-09-16,0.9558201584399405,0.9708476132169342
2022-09-19,0.9684424148321275,0.9800829910554771
2022-09-20,0.9631891173158798,0.9686539464174918
2022-09-21,0.9509687517524645,0.9559213293682622
2022-09-22,0.9451446700767557,0.951237961801851
2022-09-23,0.9371878844506566,0.9384267243169192
2022-09-26,0.9359049502943895,0.9289483977986303
2022-09-27,0.9411403488109749,0.9298210243160523
2022-09-28,0.9610776871164489,0.9543909795089635
2022-09-29,0.942561842316042,0.9416466961045089
2022-09-30,0.9312350898083464,0.9359896343295278
2022-10-03,0.9564430905252169,0.9645058167837484
2022-10-04,0.9880399234047398,0.9961612920446917
2022-10-05,0.9900974792707035,0.9948320685968527
2022-10-06,0.9862267634043749,0.9868335122192329
2022-10-07,0.9579556988361665,0.9697634731377365
2022-10-10,0.9554754105787129,0.9694898538014648
2022-10-11,0.950933366011996,0.9695040874869515
2022-10-12,0.9547539977129776,0.9693247895803819
2022-10-13,0.9793013100127759,0.9990422842344187
2022-10-14,0.9565036002366953,0.9838022010894096
2022-10-17,0.9901255184120212,1.0074334601890857
2022-10-18,1.003751657184413,1.021975218189564
2022-10-19,0.9986624342582358,1.013226072353255
2022-10-20,0.9933964734502296,1.0044040475349565
2022-10-21,1.0171482854385774,1.0252575460511353
2022-10-24,1.0277150211685995,1.033015078333576
2022-10-25,1.0454303706939527,1.0453010362653385
2022-10-26,1.0271937532235123,1.0458022345813287
2022-10-27,1.0174341136656198,1.0408834815892514
2022-10-28,1.038008792146934,1.0578005455531603
2022-10-31,1.0272385409368059,1.04897778318995
2022-11-01,1.0178904287419952,1.0490478120444542
2022-11-02,0.987164869758112,1.0276423795687097
2022-11-03,0.973339821859592,1.0218264905468346
2022-11-04,0.9834811208068472,1.0334539523032396
2022-11-07,0.9928723552600031,1.0378704033072566
2022-11-08,0.9970849937848404,1.0381337959141086
2022-11-09,0.9727197695578701,1.0152736004393266
2022-11-10,1.0379799038828517,1.0548271783395622
2022-11-11,1.0481749127590667,1.0559246885895093
2022-11-14,1.0330821297464865,1.0430241157311686
2022-11-15,1.0424236431261222,1.0461737537997837
2022-11-16,1.0298388432511256,1.0333936799996237
2022-11-17,1.0221718602255383,1.0251210716526407
2022-11-18,1.022473868106639,1.0279283331235538
2022-11-21,1.0132508946251997,1.0244665436341753
2022-11-22,1.0271125926091984,1.0345669435116782
2022-11-23,1.0351238013059643,1.034465724394274
2022-11-25,1.0304118017380834,1.033889431741713
2022-11-28,1.0140019936057945,1.0157355179920602
2022-11-29,1.0072182269148535,1.0170311097270777
2022-11-30,1.0455533003862623,1.0356339459616661
2022-12-01,1.0422442588534897,1.0315426878815224
2022-12-02,1.0345855371563146,1.026676884318867
2022-12-05,1.0121706070732834,1.0044946150013405
2022-12-06,0.9918269890378877,0.9915630060117215
2022-12-07,0.9863446845690081,0.9900499021986285
2022-12-08,0.9941920892092753,0.9931852329702147
2022-12-09,0.986976048417093,0.9860415247801539
2022-12-12,1.001879649407136,0.9996340116452411
2022-12-13,1.010296905438054,1.0053922779522428
2022-12-14,1.0039503395638403,1.0005445599245224
2022-12-15,0.9748586146120168,0.9809273834892229
2022-12-16,0.9644970551811073,0.9707075440794121
2022-12-19,0.9542150684959103,0.9657526081483581
2022-12-20,0.955853870096545,0.970099379597747
2022-12-21,0.9727990421128828,0.9851379965682634
2022-12-22,0.9573473120315399,0.977870842004326
2022-12-23,0.9635952178285752,0.9864768666922632
2022-12-27,0.956788161423637,0.9885611566913332
2022-12-28,0.9469015826151198,0.9788285407757397
2022-12-29,0.9712396292439486,0.9948196893613255
2022-12-30,0.972498032965323,0.9945874257326089
2023-01-03,0.969354292985819,0.996303167635193
2023-01-04,0.9759274077210468,1.0084699250556841
2023-01-05,0.9631291277728271,1.001410551100099
2023-01-06,0.9877219485969287,1.0213482303745929
2023-01-09,0.9949532585957589,1.0168512918446717
2023-01-10,1.0036693815378772,1.0230852638008048
2023-01-11,1.0226750747734998,1.0311933799194695
2023-01-12,1.0285913583693882,1.0352506601331593
2023-01-13,1.0351331641897106,1.0370030692212915
2023-01-17,1.0359307891666323,1.0299900417028007
2023-01-18,1.021718601143065,1.0101300368254746
2023-01-19,1.011718390385312,1.0018686569001736
2023-01-20,1.0339140167885639,1.0138128431289877
2023-01-23,1.0481165257509217,1.0218183944129706
2023-01-24,1.0425818610967568,1.018381298699567
2023-01-25,1.0385585520058565,1.0183664268328976
2023-01-26,1.0492411402033506,1.023810989576377
2023-01-27,1.0518663718136945,1.0200299211473614
2023-01-30,1.0311844332145201,1.0084317933066669
2023-01-31,1.0439147502333623,1.019859832330949
2023-02-01,1.0565878244551403,1.0230570510275192
2023-02-02,1.07536972851285,1.027774554710092
2023-02-03,1.0539010974241263,1.016558957005632
2023-02-06,1.0408831048251344,1.0092470388205375
2023-02-07,1.052334674474752,1.0167196947963655
2023-02-08,1.0344385378494183,1.0066604681741547
2023-02-09,1.0235364343583033,0.9956401854480113
2023-02-10,1.0167091346875363,1.0020879659192536
2023-02-13,1.0280076209827806,1.010620775323186
2023-02-14,1.0289805290722374,1.0069386637091158
2023-02-15,1.0318849706948523,1.0077971235487817
2023-02-16,1.0096812051164856,0.9963728029601703
2023-02-17,1.0016771731072764,0.9947499829718424
2023-02-21,0.9783310311426197,0.9773898564317199
2023-02-22,0.978589737324679,0.9759277574634907
2023-02-23,0.9857467507180864,0.9786851797543701
2023-02-24,0.9708733975875076,0.9740443319150044
2023-02-27,0.9775180687916812,0.975176612094854
2023-02-28,0.9749316319721371,0.9732011036222737
2023-03-01,0.9699588142481308,0.9731252483347673
2023-03-02,0.9790704942578787,0.9817120733448158
2023-03-03,0.9988475853432363,0.9968265833227186
2023-03-06,1.0013541511749158,0.9959279662584113
2023-03-07,0.9894621993121226,0.9805836110783107
2023-03-08,0.9946465170588114,0.9824096948044552
2023-03-09,0.9792014865781041,0.964369719313444
2023-03-10,0.9647028025445412,0.9522034454375757
2023-03-13,0.9723120888186864,0.9460389926103773
2023-03-14,0.993000670759092,0.9634517189007233
2023-03-15,0.9939125959157666,0.9538527131113005
2023-03-16,1.0177881791761656,0.9688995864964446
2023-03-17,1.0122324750805218,0.9552948079842003
2023-03-20,1.0174507007549602,0.9713395204689623
2023-03-21,1.0310024352982667,0.9860594533042906
2023-03-22,1.014915167408858,0.9691052728030758
2023-03-23,1.0218878692903564,0.9681962024775753
2023-03-24,1.0237937484692634,0.9784021984313748
2023-03-27,1.0190959967164817,0.9882531622917818
2023-03-28,1.0139622894931215,0.991086764378345
2023-03-29,1.0269964114311625,1.005584584642837
2023-03-30,1.0320034276537795,1.0112372326982482
2023-03-31,1.0462709243535262,1.025005651280618
2023-04-03,1.045274295384865,1.031463197301286
2023-04-04,1.038282011017091,1.0235447827504318
2023-04-05,1.0267534763975932,1.0265795669594857
2023-04-06,1.029555947165052,1.0266880533899458
2023-04-10,1.0255237741781529,1.0283576593373736
2023-04-11,1.0182848819317476,1.0301992205703732
2023-04-12,1.0099727282770734,1.0254260199501275
2023-04-13,1.0246557841916937,1.0307470320234753
2023-04-14,1.019136576003227,1.0274346883417054
2023-04-17,1.0185636105540685,1.0288822487458587
2023-04-18,1.0172321422895265,1.0264543953886365
2023-04-19,1.0164427717933457,1.0242365500816704
2023-04-20,1.0090302720515218,1.0144721109374994
2023-04-21,1.0081000138774454,1.0120888745054408
2023-04-24,1.0058299272062718,1.0114480315723486
2023-04-25,0.9863430880082453,0.9956384208600197
2023-04-26,0.9886586918117803,0.983298263519091
2023-04-27,1.0074837480376155,0.9994908727323446
2023-04-28,1.0136360842647831,1.0076931520642962
2023-05-01,1.0131160154088188,1.0063588662397944
2023-05-02,1.0040532023718574,0.9912842282481105
2023-05-03,0.9991050963236209,0.9835638073896382
2023-05-04,0.9935664891905172,0.9751850535454425
2023-05-05,1.0134219084552525,0.9910019209846967
2023-05-08,1.0141548440538242,0.9917754080487374
2023-05-09,1.0087596886216845,0.9885274296601522
2023-05-10,1.0166263680897771,0.9882488590124054
2023-05-11,1.0166702125405558,0.9844978131749067
2023-05-12,1.0135207677692153,0.9849856385936002
2023-05-15,1.0162389247465278,0.9908659073370416
2023-05-16,1.0130170645618137,0.9803787853582512
2023-05-17,1.0237136346224682,0.9938698172161432
2023-05-18,1.0361452137775338,0.999739911700766
2023-05-19,1.0313619555820563,0.9995054594274951
2023-05-22,1.030178490272815,1.001369001588696
2023-05-23,1.01320154039759,0.9946898989540067
2023-05-24,1.005329760628218,0.9859685438221837
2023-05-25,1.0216858946032956,0.9823793251782437
2023-05-26,1.0375644928211085,0.9916638613589013
2023-05-30,1.0376034941603107,0.9914871107490636
2023-05-31,1.0293773821749717,0.9872786978058092
2023-06-01,1.0373073464904998,0.9954975146675176
2023-06-02,1.0455035686620662,1.0131348381602574
2023-06-05,1.0409073110245066,1.009565816224173
2023-06-06,1.038080720435948,1.0153991033268839
2023-06-07,1.021677377066144,1.0228603010775899
2023-06-08,1.028248995632204,1.022905882788429
2023-06-09,1.0287552752271851,1.0203643237373878
2023-06-12,1.039457993921371,1.0223221565436553
2023-06-13,1.0418383955542663,1.029045962678124
2023-06-14,1.0412972274808165,1.0238306227528915
2023-06-15,1.050161378424625,1.0344273028156221
2023-06-16,1.0403801333421379,1.0307949851990832
2023-06-20,1.035162510591209,1.0207287500078088
2023-06-21,1.0229195044854222,1.0174694269077882
2023-06-22,1.027913379495011,1.0124017740259443
2023-06-23,1.014715808008809,1.0043426350022633
2023-06-26,1.0014398878416662,1.0067440420790301
2023-06-27,1.0146140316242953,1.0130050267293809
2023-06-28,1.014358760600451,1.0099593032160095
2023-06-29,1.0128999330220023,1.0150845984944552
2023-06-30,1.0248869818371231,1.0207193733758593
2023-07-03,1.0218375924549337,1.022468832554639
2023-07-05,1.0210533252960574,1.0152834961947983
2023-07-06,1.0124668583935352,1.0033100411579903
2023-07-07,1.0058617107675347,1.003728398754436
2023-07-10,1.004999557775455,1.0093239050787495
2023-07-11,1.0081473668959773,1.0184019779968803
2023-07-12,1.01686385302879,1.0209363941925818
2023-07-13,1.0278779336116288,1.023719230406707
2023-07-14,1.0285419779262204,1.0151622919872823
2023-07-17,1.034474639023453,1.0150619149634095
2023-07-18,1.0406461205227435,1.0207673970211282
2023-07-19,1.0380449152402669,1.0244737280026308
2023-07-20,1.017233569636759,1.0278418302211505
2023-07-21,1.0126798300521769,1.0280244498596638
2023-07-24,1.0140276733250513,1.0291782756958383
2023-07-25,1.0169612390025529,1.0257910321554782
2023-07-26,1.0128194610066517,1.026252489249772
2023-07-27,1.0054831192892177,1.0154020696762829
2023-07-28,1.0189882341114258,1.0177583379480786
2023-07-31,1.0193035771358963,1.019174683632785
2023-08-01,1.0148160661848287,1.0143487059194798
2023-08-02,0.9946078349285447,1.0046725266984726
2023-08-03,0.9910910281031607,0.9997609832714641
2023-08-04,0.9856059578899987,0.9948539055552643
2023-08-07,0.9917605923604199,1.0024098681193083
2023-08-08,0.986480065721492,0.9972606853202893
2023-08-09,0.976711117237841,0.9938980505238988
2023-08-10,0.9790759004859236,0.9926018304101236
2023-08-11,0.9763069179885696,0.9948419053137968
2023-08-14,0.9881147846310107,0.9936819703267102
2023-08-15,0.9807734295422192,0.9809561271293422
2023-08-16,0.9751240842598853,0.9753091234607428
2023-08-17,0.9665052692130058,0.9723695770850892
2023-08-18,0.9672145584076344,0.9757432069696973
2023-08-21,0.9818395733509445,0.9762306676386368
2023-08-22,0.9829315118918276,0.9737397771886929
2023-08-23,0.9984684762456703,0.9824946704135594
2023-08-24,0.9817774093691685,0.9756952478291328
2023-08-25,0.9916963675783387,0.9834800591796422
2023-08-28,1.0004667390793902,0.991160934942051
2023-08-29,1.0205503630929005,1.0016897838834693
2023-08-30,1.026621554873302,1.0049375913343956
2023-08-31,1.027046995213931,1.0018400994125471
2023-09-01,1.0262596289961097,1.0074846226949221
2023-09-05,1.0263516322451574,0.9970815115551521
2023-09-06,1.0154272187112463,0.9949302648497215
2023-09-07,1.0108280138676742,0.9952475999397549
2023-09-08,1.0105641726612087,0.9972212335260695
2023-09-11,1.0200113676832068,1.0005510776044322
2023-09-12,1.008115461164079,1.0027072915241948
2023-09-13,1.0102210997103709,1.0003235186790422
2023-09-14,1.0151131645924725,1.0110954201441653
2023-09-15,0.997808358563424,1.0031200771205746
2023-09-18,0.9970229940529571,1.0018714361660876
2023-09-19,0.9943550149810755,0.9990313253474834
2023-09-20,0.9804937809686392,0.9948831332580611
2023-09-21,0.9638124890114357,0.980914314314014
2023-09-22,0.9633227585180686,0.9771567230457415
2023-09-25,0.9690623567768116,0.9806481954659801
2023-09-26,0.9553873269047504,0.9697666895138987
2023-09-27,0.9596503817345855,0.9719386348262997
2023-09-28,0.9693750006593669,0.9787577858624269
2023-09-29,0.9712571440234601,0.9761269128403489
2023-10-02,0.9819108206038207,0.9679071731477136
2023-10-03,0.9675676869750953,0.9600937439729215
2023-10-04,0.9829086642983299,0.9643061608951908
2023-10-05,0.9849176719582782,0.9647071280543486
2023-10-06,1.0023277277454423,0.9741279459222122
2023-10-09,1.0087097727459766,0.9836666377030362
2023-10-10,1.0142319407853602,0.9928728791971767
2023-10-11,1.0228381604201018,0.9936354170792027
2023-10-12,1.0187283134667255,0.9861046165929653
2023-10-13,1.0095791428256229,0.9882963922444551
2023-10-16,1.021244226776816,1.0008619430147179
2023-10-17,1.018854652482731,1.0065226616793939
2023-10-18,1.0038008658808701,0.9949551875659937
2023-10-19,0.9952067128384069,0.986847340635728
2023-10-20,0.9815425008916525,0.9784696415773165
2023-10-23,0.9846638165143838,0.9731733478159929
2023-10-24,0.9928391435685995,0.9807907426283793
2023-10-25,0.9726121958722037,0.9742349964469488
2023-10-26,0.9553644234032651,0.9753208914221373
2023-10-27,0.9588540210317216,0.9644239479382241
2023-10-30,0.9736351292165771,0.9754670028746056
2023-10-31,0.9776848533572312,0.9850976058858423
2023-11-01,0.9930646443703074,0.9904243347154087
2023-11-02,1.010376597429457,1.0096680131789948
2023-11-03,1.019695875100699,1.0207333111038974
2023-11-06,1.0251214708464447,1.0156993122385696
2023-11-07,1.0341618985930592,1.0115611061084402
2023-11-08,1.0378913549135447,1.0090780138546243
2023-11-09,1.028470535559096,1.001487962738353
2023-11-10,1.0464629093001336,1.0118153957489961
2023-11-13,1.0441122246809096,1.0119495655036324
2023-11-14,1.062383256537783,1.0338662243807937
2023-11-15,1.0591639327498716,1.0380072998946355
2023-11-16,1.0582061975582866,1.0328726105647166
2023-11-17,1.0533212033559498,1.0356559516408115
2023-11-20,1.0594331086534314,1.036230249774842
2023-11-21,1.0520053566021306,1.0321298472209475
2023-11-22,1.0512072603153493,1.0331677292933061
2023-11-24,1.0435356878631386,1.0330992782302126
2023-11-27,1.0361534670519223,1.026539734524863
2023-11-28,1.0330113450318823,1.0221829997717957
2023-11-29,1.0257477561626465,1.0219422520092982
2023-11-30,1.0217246904156663,1.0272951614135544
2023-12-01,1.021865510491948,1.0354896344945084
2023-12-04,1.0104166534436405,1.0333149053132589
2023-12-05,1.0126974933030137,1.0228475265730526
2023-12-06,1.0046531041087474,1.018376696917646
2023-12-07,1.0141290081355607,1.0186500088985038
2023-12-08,1.0161299535112427,1.0194758908024142
2023-12-11,1.0151003907753242,1.024295386682182
2023-12-12,1.0203270411514194,1.0209688591128796
2023-12-13,1.0302409971432842,1.0357671892766533
2023-12-14,1.0258149101126464,1.0466354096740953
2023-12-15,1.0270057928143363,1.0366902262338769
2023-12-18,1.0311340015340003,1.0346326149689686
2023-12-19,1.0335583220004332,1.04051226811613
2023-12-20,1.0186042112788334,1.0205520114758395
2023-12-21,1.0268163396566705,1.0281268001331605
2023-12-22,1.025509141640702,1.0292319905239595
2023-12-26,1.0267017660963589,1.0317839837097846
2023-12-27,1.0253287371057782,1.0298469569039228
2023-12-28,1.0231755168086352,1.027991970385242
2023-12-29,1.0174723502781564,1.0224487529789053
2024-01-02,1.0011467793476936,1.0236511653882863
2024-01-03,0.9902263192894173,1.0125212162445385
2024-01-04,0.9851373583343226,1.0088089691618272
2024-01-05,0.985263712684836,1.0094023750530432
2024-01-08,1.0039823614890442,1.0141069615397276
2024-01-09,1.0054844163653356,1.0060974320974283
2024-01-10,1.0140355212035623,1.0041764826173396
2024-01-11,1.0139347391814126,0.9989127468306858
2024-01-12,1.0140761702616168,0.9978110909432647
2024-01-16,1.011658918588645,0.9910007690515891
2024-01-17,1.0064005269841114,0.9848078329345068
2024-01-18,1.0189696554651788,0.9883021646729261
2024-01-19,1.032025381646367,0.9971748530504856
2024-01-22,1.0329902174070726,1.0002128815336886
2024-01-23,1.0336387205969422,1.0018308094846307
2024-01-24,1.0354393326602402,0.9977097484527901
2024-01-25,1.034754600617851,1.0077783303319372
2024-01-26,1.0316315903315953,1.0081636448503946
2024-01-29,1.040118161419782,1.0128122674984448
2024-01-30,1.0335876519336895,1.0152809340060527
2024-01-31,1.0096770332857459,1.004794637424319
2024-02-01,1.021347984794512,1.0135950238673967
2024-02-02,1.0370426420206738,1.011797296301221
2024-02-05,1.0317254549437613,1.0021382536534635
2024-02-06,1.029529304788917,1.0080118560692546
2024-02-07,1.0387451531511023,1.0101201528248291
2024-02-08,1.0370285569141948,1.0109314684957997
2024-02-09,1.0435597936917564,1.010734353263415
2024-02-12,1.0350138621217617,1.0160506230476367
2024-02-13,1.0172446235154493,0.9999063054847873
2024-02-14,1.0256539877095396,1.0064718400920414
2024-02-15,1.0242552463998302,1.0176276435428826
2024-02-16,1.015721546944892,1.0133315567299823
2024-02-20,1.0041226598144577,1.0108031447962718
2024-02-21,1.0003079133687927,1.0141373015952149
2024-02-22,1.0281349745773767,1.020309089352527
2024-02-23,1.0246129232416656,1.0214542647360458
2024-02-26,1.020018331465835,1.015459645912075
2024-02-27,1.0194461674180009,1.0170320630908056
2024-02-28,1.0137026937418356,1.0164628044187825
2024-02-29,1.0158711653327237,1.0177085416359528
2024-03-01,1.0250269247206216,1.021413190615312
2024-03-04,1.0188470500845916,1.0229894820486651
2024-03-05,1.0015702789009377,1.0174660599722432
2024-03-06,1.0056228741280042,1.02128216916482
2024-03-07,1.0178211285502288,1.0245228669475719
2024-03-08,1.0055107068547542,1.0223038016404007
2024-03-11,1.0009937127921482,1.0231330205662739
2024-03-12,1.016860713053305,1.0235131871060534
2024-03-13,1.011222647521841,1.0222886123320365
2024-03-14,1.0109370791231531,1.0121602194536223
2024-03-15,0.9990056952856466,1.0103446830229434
2024-03-18,1.0065737226898808,1.010841221249971
2024-03-19,1.0111821006864696,1.0137474938971227
2024-03-20,1.0197672091572958,1.020464141495882
2024-03-21,1.0194452365881141,1.024992832761003
2024-03-22,1.0190427180175727,1.0175604361420063
2024-03-25,1.0138977164018839,1.014489042330972
2024-03-26,1.0094266597072796,1.0120640547105761
2024-03-27,1.0122355239468106,1.0261925385005572
2024-03-28,1.0086709999509609,1.0269317306975063
2024-04-01,1.0077499217177306,1.0199435810945825
2024-04-02,0.9988666173377759,1.0120423525426756
2024-04-03,1.0005741250115727,1.0112546912070468
2024-04-04,0.9864823980676319,1.000428936017673
2024-04-05,1.0000763286707974,1.0063388460502305
2024-04-08,0.9995591350754374,1.0068103158912483
2024-04-09,0.9996934755346186,1.0074083515535377
2024-04-10,0.9926970018073903,0.9928855733885272
2024-04-11,1.0062183141976346,0.9914696014087993
2024-04-12,0.9921480720561723,0.9765567386256949
2024-04-15,0.9757996414505014,0.9703615181052441
2024-04-16,0.9766314899094114,0.9661624748758298
2024-04-17,0.9698426219560546,0.9658007430348936
2024-04-18,0.9668825314324228,0.9684982567094814
2024-04-19,0.9511203063192873,0.9758875689034846
2024-04-22,0.9634533111090463,0.9852001251754425
2024-04-23,0.9797462490324294,0.9954286763663852
2024-04-24,0.9817740800495305,0.9957787291117188
2024-04-25,0.9779448455388873,0.9948934521177213
2024-04-26,0.9973546011259895,0.9957649425115955
2024-04-29,0.9999725657949264,1.0016333681398795
2024-04-30,0.9846120070106145,0.9896963119225906
2024-05-01,0.9830149684357695,0.9898658805245448
2024-05-02,0.9958287951746746,0.9958857717450663
2024-05-03,1.0142438515747922,1.0028412625066847
2024-05-06,1.0273477458261704,1.011408620511973
2024-05-07,1.0267351142960863,1.014441703351144
2024-05-08,1.0248672655324051,1.0154035882286236
2024-05-09,1.0281989372576141,1.0239420600972533
2024-05-10,1.0289378123743764,1.023947582124622
2024-05-13,1.0279711420769615,1.0210508616823664
2024-05-14,1.0313718923531454,1.0229297307426624
2024-05-15,1.0448550152877363,1.0278819999439675
2024-05-16,1.0383472718677589,1.024085203934456
2024-05-17,1.033922760906291,1.0243985234552841
2024-05-20,1.0355611245523106,1.0189710306819555
2024-05-21,1.0344812249461446,1.018992365988287
2024-05-22,1.0275546636360169,1.014494471826641
2024-05-23,1.0214861710575076,0.9991861777215456
2024-05-24,1.0270024876704922,1.003766871345453
2024-05-28,1.028623256350723,0.997007671876929
2024-05-29,1.0203969127747927,0.9852089914686838
2024-05-30,1.004025978543353,0.9896063383241702
2024-05-31,1.0041849760448276,1.0039413429599537
2024-06-03,1.0076048709302934,0.996608283334389
2024-06-04,1.0094162772016504,0.9924088000457298
2024-06-05,1.0248322925840307,0.9965877493688764
2024-06-06,1.0237626542036002,0.9947299150524349
2024-06-07,1.0201891428179333,0.9930755595592194
2024-06-10,1.0217708613433178,0.995895779341847
2024-06-11,1.0282850370368162,0.9898421367509889
2024-06-12,1.0384730794314994,0.9921585577251056
2024-06-13,1.0408124544686777,0.9900093464454642
2024-06-14,1.041301704481935,0.9859041268086546
2024-06-17,1.0479036632153724,0.9924095855169446
2024-06-18,1.046350631154875,0.9971921306817003
2024-06-20,1.0363138083748324,1.0009961442528632
2024-06-21,1.0310518524809722,1.001616061499371
2024-06-24,1.0184285904566188,1.009503289171365
2024-06-25,1.027104692254283,1.0023520463189541
2024-06-26,1.0297465657255136,0.9982978096291864
2024-06-27,1.0288615024406027,0.9980240676221863
2024-06-28,1.017888944087134,0.9986590293700811
2024-07-01,1.023717391728266,0.9931853548725214
2024-07-02,1.0282730605931811,0.9974442413719304
2024-07-03,1.0329615452803282,0.9976626271200633
2024-07-05,1.039609811722928,0.9966350448909402
2024-07-08,1.036952730765026,0.9981058503611476
2024-07-09,1.0343694365168339,0.9981665430441911
2024-07-10,1.0404324369410587,1.007521631664698
2024-07-11,1.0157355041661495,1.0175785896203218
2024-07-12,1.0193341762513124,1.0227891432807463
2024-07-15,1.0201950385437517,1.0248247460602942
2024-07-16,1.0168477889243397,1.0395761590682613
2024-07-17,0.988036435347905,1.039164104524117
2024-07-18,0.9807581360124942,1.0272676127679365
2024-07-19,0.9752145222526052,1.0190245695077125
2024-07-22,0.9900822221632397,1.0226893438501619
2024-07-23,0.9903640143959304,1.0174807031800648
2024-07-24,0.9541425121873574,1.009390051995902
2024-07-25,0.9464966782130446,1.011901205683732
2024-07-26,0.956225233810589,1.0237144119470512
2024-07-29,0.959290523857075,1.021119487694135
2024-07-30,0.9484746598791228,1.0242975999310848
2024-07-31,0.9753116067931124,1.0238015746203295
2024-08-01,0.9605539113128385,1.0109361216036736
2024-08-02,0.9442471212987621,0.9924023109524138
2024-08-05,0.9168846672504024,0.968510990948241
2024-08-06,0.9343644008761084,0.9762080276200047
2024-08-07,0.9305084122208025,0.9723671541084549
2024-08-08,0.9626319318497618,0.9888252379260088
2024-08-09,0.9755051921931964,0.990024695168256
2024-08-12,0.9827258979874492,0.9863250435162383
2024-08-13,1.0085023141915994,0.9968154209499025
2024-08-14,1.0132526696622612,1.0015031064331785
2024-08-15,1.0347455154163598,1.0137783354392003
2024-08-16,1.0357893940936465,1.0160254861678684
2024-08-19,1.0486178811939066,1.0229328135169202
2024-08-20,1.0473708154778858,1.0177712872854434
2024-08-21,1.0494462107366682,1.0217181692074737
2024-08-22,1.0320727739675515,1.018262165154532
2024-08-23,1.0417257890438212,1.0302603915337403
2024-08-26,1.0331705958091582,1.0304026949929879
2024-08-27,1.0327883933512059,1.029676646459286
2024-08-28,1.0221026113776204,1.0271138622673524
2024-08-29,1.0173930039525938,1.0309136913855534
2024-08-30,1.0247235937141697,1.036730371930017
2024-09-03,0.9916401704964933,1.0203987262203775
2024-09-04,0.9864158228005951,1.0171235097178803
2024-09-05,0.9844952346506961,1.0064832328071964
2024-09-06,0.9616994997893332,0.9951848926309665
2024-09-09,0.9728953805795759,1.0033867021271758
2024-09-10,0.9811287329849803,0.999554754533518
2024-09-11,1.0009395469193918,0.9969658046548958
2024-09-12,1.0107281197356524,1.0000839134356208
2024-09-13,1.0149470026766265,1.007069610641184
2024-09-16,1.0112175568744353,1.0134116752807043
2024-09-17,1.012607141371843,1.012450575281042
2024-09-18,1.009545842823483,1.009431432190048
2024-09-19,1.0327472143916574,1.0182224931005803
2024-09-20,1.0305650105223643,1.0138065882726068
2024-09-23,1.0309386282995208,1.0174332150872532
2024-09-24,1.0337350137207189,1.0169635509909916
2024-09-25,1.0339641932976138,1.0095386174322554
2024-09-26,1.0339807006271065,1.0155022510018343
2024-09-27,1.0267764790810194,1.0182448551057803
2024-09-30,1.0301046005865628,1.0203033120353664
2024-10-01,1.0137770150165604,1.0152056925432986
2024-10-02,1.0121510090894177,1.0139676054952749
2024-10-03,1.0103120378294475,1.0083771746823749
2024-10-04,1.0172824346532774,1.0135963468435811
2024-10-07,1.0034241848140018,1.0054361062628665
2024-10-08,1.0164548331436103,1.0050381465048543
2024-10-09,1.0209743722705533,1.0102877539710942
2024-10-10,1.018779800345254,1.0054945231184007
2024-10-11,1.0189228490377327,1.015185335954736
2024-10-14,1.0259258928724428,1.020281017673045
2024-10-15,1.0141788425847111,1.01473662840451
2024-10-16,1.0129188472455417,1.0208024611459525
2024-10-17,1.0131771872607307,1.0182973821632695
2024-10-18,1.0172851801964755,1.019155731836766
2024-10-21,1.0193692501784435,1.009086987859291
2024-10-22,1.0188996512879114,1.0052569900864878
2024-10-23,1.0028749440675637,1.0024016165395466
2024-10-24,1.008955808995508,0.9996878505319301
2024-10-25,1.0117812259017296,0.9930298401967268
2024-10-28,1.0130001960281432,0.9988013325856537
2024-10-29,1.0192145263980723,0.9932176854167369
2024-10-30,1.0127088438044232,0.9920403281205812
2024-10-31,0.9829425316900635,0.9845792193541533
2024-11-01,0.9901655887483846,0.9854298484093651
2024-11-04,0.9862748442008509,0.9845842223483542
2024-11-05,0.9994711047206059,0.994869742721118
2024-11-06,1.0237533940586792,1.0211024609234325
2024-11-07,1.0388278904501569,1.0172844828476817
2024-11-08,1.039722188120656,1.0215153989991541
2024-11-11,1.0373139255327064,1.0262035799639324
2024-11-12,1.0355761138100263,1.0178046622846888
2024-11-13,1.0320573268217206,1.0181252523148365
2024-11-14,1.0234040736027379,1.011069548766618
2024-11-15,1.0014599221165847,1.007210387033363
2024-11-18,1.004728479939242,1.011268719469237
2024-11-19,1.0147727553389223,1.0072654831710164
2024-11-20,1.0112828242514214,1.009926278701386
2024-11-21,1.0121284675387356,1.0198525470038273
2024-11-22,1.0116808337102023,1.0259218469789628
2024-11-25,1.0107856100181505,1.0311515582312167
2024-11-26,1.0187158479695584,1.0282918581577403
2024-11-27,1.0106615502327227,1.0266235990511274
2024-11-29,1.0152641917421052,1.0258450237271195
2024-12-02,1.0208260788592118,1.0169508437844017
2024-12-03,1.0231007583844334,1.0091827809786762
2024-12-04,1.0338170757479344,1.006001727249101
2024-12-05,1.030709485493833,1.0015717601290726
2024-12-06,1.0364677207158801,0.9977566753530727
2024-12-09,1.0282338978628671,0.9917077707441045
2024-12-10,1.0241026534528856,0.9877877128165251
2024-12-11,1.039062224297366,0.9861484862712
2024-12-12,1.0307218710486137,0.9825602023835359
2024-12-13,1.030298872030501,0.9802525158210256
2024-12-16,1.0384363606192024,0.9758938414586871
2024-12-17,1.03124272962969,0.9701033562661946
2024-12-18,0.9950584130110317,0.9465238427052336
2024-12-19,0.9938540383902138,0.9460532171643347
2024-12-20,1.0028496136996436,0.9603514576121358
2024-12-23,1.0107869673615573,0.9645650145128536
2024-12-24,1.020919601096739,0.9752371347177627
2024-12-26,1.0170890817969012,0.9795588615748159
2024-12-27,1.0004978414270043,0.976456036031643
2024-12-30,0.9876972067257724,0.9703034455759573
2024-12-31,0.9788554845306484,0.9760214868792749
