Date,growth_cumulative_ret,value_cumulative_ret
2020-01-03,0.9927666986598415,0.9932859852877627
2020-01-06,0.9991028580569479,0.9941615303671603
2020-01-07,0.9970284561515765,0.9911695525661656
2020-01-08,1.0052706089367602,0.9932859852877628
2020-01-09,1.0135126728520139,0.997664837512393
2020-01-10,1.0117184778358395,0.9938698072104326
2020-01-13,1.0209140272297468,0.9994891088665125
2020-01-14,1.017325637197398,1.001094400048479
2020-01-15,1.021362464896378,1.0013135054237037
2020-01-16,1.0308942981052933,1.008610966449396
2020-01-17,1.0348751377483916,1.010508544201912
2020-01-21,1.0343144573602077,1.0062757413602528
2020-01-22,1.0350431907859658,1.0066406457123054
2020-01-23,1.0368373858021402,1.0070056752674295
2020-01-24,1.027474049980449,0.9980294288567666
2020-01-27,1.0098120400981128,0.9840178279157653
2020-01-28,1.0224837368028157,0.9918993612702706
2020-01-29,1.024726636095411,0.9876668088347547
2020-01-30,1.0266892396288794,0.9921913974346769
2020-01-31,1.008690501581885,0.9746767397545859
2020-02-03,1.0207457075823827,0.9790555919792159
2020-02-04,1.0409866339625327,0.9898560471424622
2020-02-05,1.0452480359745477,1.00525420949942
2020-02-06,1.0514715971703816,1.0054001336793195
2020-02-07,1.0469859763250506,0.9991969474990342
2020-02-10,1.058256283104049,1.0026270108474065
2020-02-11,1.0588729515481143,1.0070056752674292
2020-02-12,1.0679561693505388,1.010654468381811
2020-02-13,1.067115015463368,1.0108732607493567
2020-02-14,1.0709838789947037,1.0105815375926293
2020-02-18,1.0707595712914582,1.0056189886484013
2020-02-19,1.078160836799261,1.0085380982617496
2020-02-20,1.0714883935871462,1.0087571410354383
2020-02-21,1.0546678042017708,1.0038674602788562
2020-02-24,1.0164842167004378,0.9747499835514467
2020-02-25,0.986094610927447,0.9443187509941908
2020-02-26,0.9862068536489997,0.9341747981366528
2020-02-27,0.9411271373218162,0.8946214575903707
2020-02-28,0.9417997938217629,0.8841127255838518
2020-03-02,0.9849172620951979,0.9171711567931213
2020-03-03,0.9551441470264126,0.893599675323395
2020-03-04,0.9965235860794147,0.9292852425831424
2020-03-05,0.9635545305890304,0.8973215870315662
2020-03-06,0.9487522661832147,0.8800261599297713
2020-03-09,0.8814691976822727,0.801795023916604
2020-03-10,0.929857186022538,0.8377726899422935
2020-03-11,0.8864030784543746,0.7928190279120845
2020-03-12,0.8054947389001461,0.71334725466286
2020-03-13,0.8775440794852657,0.7755234130056821
2020-03-16,0.7740960150723405,0.6848134120535128
2020-03-17,0.8191196544737126,0.7294022949347408
2020-03-18,0.7809361558423095,0.6793400971788682
2020-03-19,0.7845247236145181,0.6781725159350646
2020-03-20,0.7512195620489854,0.6505874622019754
2020-03-23,0.738043217446945,0.6215425406545331
2020-03-24,0.8054385731044048,0.6854703525699716
2020-03-25,0.8115963705520605,0.7015366611182927
2020-03-26,0.859959386442004,0.7442235841395004
2020-03-27,0.8307729017809539,0.7229537107342042
2020-03-30,0.8593409405993393,0.7434875152818174
2020-03-31,0.8471938430912521,0.7299454884606904
2020-04-01,0.8106966513810392,0.6956487362721876
2020-04-02,0.8258804343962182,0.712502697343673
2020-04-03,0.8131148910454663,0.7010213252757646
2020-04-06,0.8723874017987279,0.745695471448723
2020-04-07,0.8705878745867552,0.7505529750159148
2020-04-08,0.8975811382460633,0.7810960765176067
2020-04-09,0.9052857168248556,0.8014093358546729
2020-04-13,0.9028109558849672,0.7845551869785801
2020-04-14,0.9377897159717042,0.7999373233423785
2020-04-15,0.9253617006149804,0.7742515376032714
2020-04-16,0.936383793679571,0.7712340809772149
2020-04-17,0.9531422629838973,0.8016298810652202
2020-04-20,0.9408827450143974,0.7849970286181042
2020-04-21,0.9078161103409056,0.765198917318959
2020-04-22,0.9326724076641433,0.7774162330414787
2020-04-23,0.9316602680317094,0.7774162330414787
2020-04-24,0.9467315417155457,0.786616092137942
2020-04-27,0.957191443603143,0.8049420031201858
2020-04-28,0.9452130212221399,0.8114920644102194
2020-04-29,0.973049927126658,0.830259691828916
2020-04-30,0.9716438270946649,0.8115656212147592
2020-05-01,0.9461689061889026,0.7875727688077081
2020-05-04,0.9542104795421428,0.7866160921379421
2020-05-05,0.9670888877039571,0.7900750147943081
2020-05-06,0.968101116206321,0.7776371538612409
2020-05-07,0.9807538836159403,0.7877936270259346
2020-05-08,0.9938571327005801,0.806561004038488
2020-05-11,1.0014490242081695,0.7989070272665374
2020-05-12,0.9814851942696675,0.7808753435024522
2020-05-13,0.9668076143756005,0.762107966489899
2020-05-14,0.9770424976005124,0.7730738149106721
2020-05-15,0.9849156624364586,0.7727059682864379
2020-05-18,1.007353897835129,0.8078123461371631
2020-05-19,1.0013927695424982,0.7946382285418058
2020-05-20,1.0185444882869439,0.8090634378296953
2020-05-21,1.0120210799473897,0.8045738434882732
2020-05-22,1.0161265152323065,0.8042059968640389
2020-05-26,1.0180388183854117,0.8265797231497166
2020-05-27,1.0264740855284211,0.8455680209820319
2020-05-28,1.0282172692047922,0.8409314382346021
2020-05-29,1.036540115886389,0.8399010795572247
2020-06-01,1.0431196011517545,0.8443904860940394
2020-06-02,1.04969944189684,0.8530014525434352
2020-06-03,1.0588094095481857,0.8725048984136713
2020-06-04,1.0475625644306996,0.8775096407930143
2020-06-05,1.0708439088550001,0.9035632731563554
2020-06-08,1.080010575521667,0.9210061894764444
2020-06-09,1.0810789698197723,0.9029009489078195
2020-06-10,1.087152696313676,0.8829559118042022
2020-06-11,1.0281048487433797,0.8256229838784146
2020-06-12,1.0385646617610471,0.8401953067753833
2020-06-15,1.049675891365398,0.8476448895330172
2020-06-16,1.0713694856208456,0.8618623243236581
2020-06-17,1.07198944225232,0.8529763493275879
2020-06-18,1.0739614659983652,0.8521619033471104
2020-06-19,1.071594859763251,0.8449050081166026
2020-06-22,1.0834275354591025,0.8443126097835312
2020-06-23,1.090921670043724,0.8449050081166026
2020-06-24,1.0646642494045717,0.8200242155260702
2020-06-25,1.0768914187195624,0.8287621378900246
2020-06-26,1.0517609576623657,0.8098055790363488
2020-06-29,1.0623539867050587,0.8247633395891051
2020-06-30,1.0815681987842596,0.8339456076540147
2020-07-01,1.0967254096903774,0.8329089262215238
2020-07-02,1.1019092815754863,0.8371298347713848
2020-07-06,1.1252365717535817,0.8457193914955442
2020-07-07,1.117010148946003,0.8339456076540147
2020-07-08,1.1323925562546657,0.8364634414230234
2020-07-09,1.1371821122604955,0.8239488310070919
2020-07-10,1.140506469730902,0.8391290774180048
2020-07-13,1.1174607194909532,0.8381665788054115
2020-07-14,1.1300824712950128,0.8506807510105926
2020-07-15,1.135097045963528,0.8654167143220863
2020-07-16,1.1269269666915505,0.8646761381538273
2020-07-17,1.1307020724467671,0.8681565957385009
2020-07-20,1.1590442927730975,0.8625287176720196
2020-07-21,1.1483386655291317,0.8730437724336519
2020-07-22,1.1553819629590134,0.8780051319487004
2020-07-23,1.129575290604671,0.8770425707345709
2020-07-24,1.1230951619210126,0.8690450993358042
2020-07-27,1.1398867797092178,0.8702298960019469
2020-07-28,1.128786303366393,0.8674162073748493
2020-07-29,1.143830827201308,0.8790419385842626
2020-07-30,1.1474931570153923,0.8701558383851208
2020-07-31,1.1656931854537698,0.8673418993518802
2020-08-03,1.1807377092886848,0.8701558383851209
2020-08-04,1.1843439621769576,0.8741543862798972
2020-08-05,1.1912179623902452,0.8806708305452178
2020-08-06,1.2022620951974685,0.882077800061838
2020-08-07,1.1905418399630296,0.8914821157741537
2020-08-10,1.1844568269880198,0.8996275772035007
2020-08-11,1.1668765774412566,0.8987390110046616
2020-08-12,1.1912179623902452,0.9045147538986517
2020-08-13,1.1973035085848347,0.8988131312230232
2020-08-14,1.195049589420923,0.899479461969849
2020-08-17,1.2072769364757736,0.8977020791660275
2020-08-18,1.2171938430912512,0.8945181650563364
2020-08-19,1.2114463581102692,0.8903712515217654
2020-08-20,1.225026038889481,0.8863726410254535
2020-08-21,1.2313366926166858,0.886965039358525
2020-08-24,1.2371405211332689,0.9002199755365723
2020-08-25,1.246550069318545,0.899553519586675
2020-08-26,1.2724132629483484,0.897776324587461
2020-08-27,1.2709484198926448,0.904144591017594
2020-08-28,1.2776533006291988,0.9103646170110036
2020-08-31,1.2842458497742701,0.9027376841025095
2020-09-01,1.3043615584230916,0.9056255555495044
2020-09-02,1.317546656713234,0.9201392834089845
2020-09-03,1.253086363797945,0.901108353930804
2020-09-04,1.2337033877217303,0.899849624850907
2020-09-08,1.1878936937897688,0.8831885391111549
2020-09-09,1.2213070100600758,0.8939257667232652
2020-09-10,1.1974161956560376,0.880744888162044
2020-09-11,1.1920070384984534,0.8857061850755564
2020-09-14,1.2117846859336672,0.8982206702884166
2020-09-15,1.2252512352920264,0.8975541517369836
2020-09-16,1.2098126621876217,0.9032560874202908
2020-09-17,1.193922896448757,0.899331221533126
2020-09-18,1.1814139205858303,0.8908158476288641
2020-09-21,1.1822591624897796,0.8704519436493533
2020-09-22,1.2011348690057224,0.8728216621847104
2020-09-23,1.1684611282926305,0.8550895893708608
2020-09-24,1.1724701397035298,0.8565795685239235
2020-09-25,1.1976514343606692,0.8664143323962518
2020-09-28,1.217808112047207,0.8804956088465745
2020-09-29,1.2146462088087868,0.8737155495140908
2020-09-30,1.2245834666382278,0.8801230045056212
2020-10-01,1.240110287583093,0.8822836965130137
2020-10-02,1.215154367068358,0.8848169302598239
2020-10-05,1.2389811062528875,0.8991217567944113
2020-10-06,1.2193325868259206,0.8909262767379773
2020-10-07,1.241917102129323,0.9050822368204837
2020-10-08,1.246829032028722,0.9169283254358374
2020-10-09,1.2658000071095938,0.9184929882210836
2020-10-12,1.2940306956738112,0.9257199599174895
2020-10-13,1.2931271550958012,0.9164812878688436
2020-10-14,1.2828511250933128,0.9126816250532356
2020-10-15,1.275849952010237,0.915587212734856
2020-10-16,1.2704863851267278,0.9178968963974014
2020-10-19,1.251628097117059,0.9047842535101784
2020-10-20,1.2548466105008704,0.9091798829463972
2020-10-21,1.2517411396679814,0.9054545281537583
2020-10-22,1.2508942981052926,0.9178968963974012
2020-10-23,1.2570486296256793,0.9191635758723421
2020-10-26,1.2367789982581487,0.900239319411128
2020-10-27,1.243215314066332,0.8889146389872731
2020-10-28,1.1965785076961353,0.8630615193430301
2020-10-29,1.211089189861718,0.8696923992157536
2020-10-30,1.1833104048914007,0.8696923992157536
2020-11-02,1.19002923820696,0.885934367673469
2020-11-03,1.2111454445273893,0.9025488778706018
2020-11-04,1.264105968504496,0.9023254529894087
2020-11-05,1.292901336603746,0.9179714548265131
2020-11-06,1.2941435604848737,0.9166304673286033
2020-11-09,1.271841384948988,0.9546278467031127
2020-11-10,1.2532658810564854,0.9655799853875501
2020-11-11,1.276697149052646,0.9626743977059297
2020-11-12,1.2692441612456002,0.9501573458301028
2020-11-13,1.2788987238278051,0.9687090605518994
2020-11-16,1.2856178237531544,0.9868882961358143
2020-11-17,1.2833592833528842,0.9827156533700385
2020-11-18,1.271615477587003,0.9713166023216787
2020-11-19,1.2800281717678001,0.974073573957361
2020-11-20,1.272970655149123,0.9699010563946568
2020-11-23,1.2733656819878418,0.9831630039447112
2020-11-24,1.2865777078667655,1.0041732687811342
2020-11-25,1.2926752515019013,0.9977658763911398
2020-11-27,1.302838327823397,0.9970209181153763
2020-11-30,1.3056051153531685,0.9864410707642132
2020-12-01,1.3187040098112397,0.9956052469852829
2020-12-02,1.315429241761757,1.0007460851034078
2020-12-03,1.3153728093562256,1.002832093478617
2020-12-04,1.323841847072624,1.0156468782586061
2020-12-07,1.3284150936689056,1.009984381542839
2020-12-08,1.333327379048025,1.0134863740558209
2020-12-09,1.3104042693114355,1.0115492947342288
2020-12-10,1.3144694465180757,1.0104318573205835
2020-12-11,1.312549500550993,1.0084202195698795
2020-12-14,1.3167007927197747,0.9982875975903174
2020-12-15,1.3319697131278656,1.013403865231665
2020-12-16,1.3391518253883612,1.0107099333425116
2020-12-17,1.3515933489744405,1.0157236903430067
2020-12-18,1.3504055134904547,1.011233970798513
2020-12-21,1.3495007287334249,1.0061450919550838
2020-12-22,1.3556651025558986,1.0004578050311486
2020-12-23,1.3467862855924064,1.008015813648751
2020-12-24,1.3531202232412634,1.0108596762160937
2020-12-28,1.3643174789378263,1.0133291815994814
2020-12-29,1.361489726636095,1.0104856320398174
2020-12-30,1.3605850307489953,1.0153494583621232
2020-12-31,1.3636953005581027,1.0232071405314969
2021-01-04,1.3444676691194763,1.009437744932422
2021-01-05,1.3514801286836582,1.0181183868911392
2021-01-06,1.3364372933774127,1.0436370265297181
2021-01-07,1.3668056592371403,1.0527667719061096
2021-01-08,1.3809437986562865,1.0534399888218708
2021-01-11,1.3643739113433575,1.0542631990173574
2021-01-12,1.3614897266360952,1.0593519526577149
2021-01-13,1.3680500159965872,1.058379375197861
2021-01-14,1.3557213572215705,1.0623455580986396
2021-01-15,1.3484262912800824,1.0522429222547156
2021-01-19,1.3639779069354092,1.0568824472743272
2021-01-20,1.3929893178344175,1.0618218336503173
2021-01-21,1.4007369983292453,1.0553860201630794
2021-01-22,1.4001149088194518,1.049698545434537
2021-01-25,1.4103505918737334,1.0486510339363562
2021-01-26,1.4087671963314492,1.0438615782385554
2021-01-27,1.3735919448295473,1.0166967060136112
2021-01-28,1.3811134513526004,1.031289374409708
2021-01-29,1.3529505705449505,1.0135535455037115
2021-02-01,1.38156579929615,1.024254839834285
2021-02-02,1.4045824890689982,1.0388477586365248
2021-02-03,1.4013590878390385,1.04311323947986
2021-02-04,1.4162322704489705,1.0565083404965152
2021-02-05,1.4220004621236353,1.0621211941944098
2021-02-08,1.4304264867939278,1.0737952537894442
2021-02-09,1.4296351889374705,1.0740197428967457
2021-02-10,1.4272598734492192,1.0755910414447845
2021-02-11,1.4328584124275705,1.0763395054065514
2021-02-12,1.440323486545092,1.0826255760202073
2021-02-16,1.4335369343428952,1.0844217392847622
2021-02-17,1.4295218797767582,1.085394567150759
2021-02-18,1.424658295119263,1.0794077318781239
2021-02-19,1.4160623511428667,1.0850949562005234
2021-02-22,1.3858636379794527,1.0893606248484662
2021-02-23,1.3820747573850907,1.0929527009714328
2021-02-24,1.3913491344068816,1.108667814904037
2021-02-25,1.3485394227009342,1.0871906052122424
2021-02-26,1.3525546550069312,1.0743187278316233
2021-03-01,1.3884083395542277,1.0987899185735575
2021-03-02,1.370594806441292,1.0948234852666356
2021-03-03,1.333383278233976,1.0922041118065944
2021-03-04,1.3099145959972978,1.0796322209854257
2021-03-05,1.3294811773488315,1.1035044402330316
2021-03-08,1.3009225587430229,1.1126338726017442
2021-03-09,1.3436193167679775,1.111960655685983
2021-03-10,1.3422054850520768,1.126553198879008
2021-03-11,1.370424798265258,1.1300702783621122
2021-03-12,1.3628470370765338,1.1397239359914333
2021-03-15,1.3757408197362326,1.1449625577084446
2021-03-16,1.379586665955706,1.1371048129375352
2021-03-17,1.3809437986562856,1.142941654930445
2021-03-18,1.3458818563150963,1.1341114579027534
2021-03-19,1.349783601720521,1.1296962967873716
2021-03-22,1.3698596743805755,1.1295466791168611
2021-03-23,1.365165653549464,1.11353182903095
2021-03-24,1.3461075859372214,1.1136070760769556
2021-03-25,1.3451560555970274,1.127238059680424
2021-03-26,1.3667910845686246,1.1459491579123127
2021-03-29,1.3656016494258996,1.1409891130295156
2021-03-30,1.3588054104013358,1.1430936514593149
2021-03-31,1.3764758629270195,1.1388105795844259
2021-04-01,1.3982239344495386,1.1486539198671555
2021-04-05,1.4224073975329699,1.158798623943123
2021-04-06,1.42337021435427,1.1596252146215413
2021-04-07,1.4266549358359095,1.1572955610690825
2021-04-08,1.4419468735558625,1.157821789578836
2021-04-09,1.4543498275923346,1.163457680641897
2021-04-12,1.4551995129927826,1.164359267960178
2021-04-13,1.470264388041661,1.1609779086066414
2021-04-14,1.4551995129927828,1.165185983841668
2021-04-15,1.4787597312573308,1.171422849648202
2021-04-16,1.4805157122036177,1.177209109600203
2021-04-19,1.4686219828658764,1.173226399893979
2021-04-20,1.4598438555330409,1.162480595871467
2021-04-21,1.4717935729266636,1.1754804307912172
2021-04-22,1.4591073904233753,1.1670645307273075
2021-04-23,1.4777968255661007,1.1784866817423696
2021-04-26,1.4856692794426067,1.179087531282771
2021-04-27,1.4814218300095974,1.1811918193064275
2021-04-28,1.4770041946606935,1.1831451124257861
2021-04-29,1.4800622089509785,1.193064701379094
2021-04-30,1.471057463296718,1.183896956870485
2021-05-03,1.4655074473001306,1.1914861410529047
2021-05-04,1.443759286907681,1.1925380972601256
2021-05-05,1.4369059933880761,1.1966714262614326
2021-05-06,1.4444386086523757,1.206515142153377
2021-05-07,1.4551995129927828,1.2156828866619862
2021-05-10,1.4262019658028502,1.2143303178799572
2021-05-11,1.4207085599516538,1.1987749630666598
2021-05-12,1.3851976467242535,1.1756309248832286
2021-05-13,1.3978274856919406,1.192162738451598
2021-05-14,1.4240497138388248,1.207867961341549
2021-05-17,1.4173101738295821,1.20666576144846
2021-05-18,1.4093811098076845,1.1956192196480686
2021-05-19,1.409211101631651,1.1886310102091218
2021-05-20,1.4332250008886984,1.195017869295381
2021-05-21,1.4264851942696657,1.1993765638254905
2021-05-24,1.4462509331342632,1.2062899018276463
2021-05-25,1.4481765667768647,1.1996018041512213
2021-05-26,1.4521976644982393,1.2030585357538348
2021-05-27,1.4456281326650302,1.209521142698386
2021-05-28,1.4506688350929569,1.2107984644344092
2021-06-01,1.4433626604102225,1.21493129262343
2021-06-02,1.4463075432796546,1.2160583706735848
2021-06-03,1.4341875511002085,1.21493129262343
2021-06-04,1.4541234758806998,1.2203418181576886
2021-06-07,1.4585976325050642,1.216358983248393
2021-06-08,1.4614859052291056,1.2166597210262726
2021-06-09,1.461599392129678,1.2114744358177447
2021-06-10,1.4772604955387285,1.2106827767962907
2021-06-11,1.4804356403967143,1.2139256615526852
2021-06-14,1.4938741957271329,1.2076661339901993
2021-06-15,1.4855955174007314,1.2087972185386442
2021-06-16,1.4794151469908634,1.200953872120964
2021-06-17,1.497786605524154,1.185945905136513
2021-06-18,1.4882607266005468,1.1636974445239283
2021-06-21,1.500394937968788,1.18647401169234
2021-06-22,1.515590985034303,1.1879065852370936
2021-06-23,1.51547794248338,1.1860209017763756
2021-06-24,1.523075788276278,1.1941662380026512
2021-06-25,1.525684120720912,1.2014067316307853
2021-06-28,1.537988162525327,1.196202665961524
2021-06-29,1.543204827414595,1.192356051994082
2021-06-30,1.539349116632895,1.1962779130075296
2021-07-01,1.5443389854608784,1.2045741189350312
2021-07-02,1.5613497564963907,1.2071380274343726
2021-07-06,1.5699114855497485,1.1960516710572262
2021-07-07,1.574958231132913,1.1988425727253003
2021-07-08,1.5641850627421696,1.1866245057843514
2021-07-09,1.5767724218833308,1.2041967568773584
2021-07-12,1.5795510291137884,1.2089482134429417
2021-07-13,1.5772834239806612,1.199822537166376
2021-07-14,1.579381109807685,1.1976354899124204
2021-07-15,1.569911485549749,1.1964287827087554
2021-07-16,1.5594785112509326,1.1876048458346415
2021-07-19,1.542694714016565,1.16611098413433
2021-07-20,1.5670196580285087,1.1850406869291568
2021-07-21,1.578360172052184,1.1959010517621431
2021-07-22,1.5887936795705802,1.1922055579020703
2021-07-23,1.6110207600156408,1.1988425727253003
2021-07-26,1.6114747076179299,1.2031409193749192
2021-07-27,1.5960513312715505,1.2032920394822884
2021-07-28,1.5992833528847172,1.202311449025855
2021-07-29,1.602004727880274,1.2101550458496786
2021-07-30,1.591401656535494,1.2064596771926774
2021-08-02,1.5891903949379684,1.203442783980443
2021-08-03,1.5997367672674268,1.213473428058222
2021-08-04,1.6010408446198139,1.2016323475657307
2021-08-05,1.6119848210159602,1.2087220966957102
2021-08-06,1.6058044506060922,1.2167915598606223
2021-08-09,1.605747396111051,1.214529015154518
2021-08-10,1.598602964700863,1.2216938861274316
2021-08-11,1.5962216060573737,1.229310865391737
2021-08-12,1.6045568945291662,1.2306686927027715
2021-08-13,1.6082993850200837,1.2307439397487772
2021-08-16,1.6117580249546757,1.230970306902152
2021-08-17,1.5968451174860467,1.2249365204776832
2021-08-18,1.5821024848032412,1.211437125302421
2021-08-19,1.5870927091109444,1.2076661339901995
2021-08-20,1.6039893711563749,1.2149060016029758
2021-08-23,1.6244591376061988,1.222372737181413
2021-08-24,1.6280878745867542,1.2262184747273541
2021-08-25,1.6307532615264295,1.2307439397487772
2021-08-26,1.6212267605133124,1.223277704982626
2021-08-27,1.637160783477302,1.2338364556162318
2021-08-30,1.6541143222779136,1.2305929448444795
2021-08-31,1.6494644698019973,1.22998984164879
2021-09-01,1.6536609078952043,1.229688102246338
2021-09-02,1.6533770573388784,1.2373810797750786
2021-09-03,1.6595577832284665,1.2330064844548814
2021-09-07,1.65876417475383,1.2227498488329422
2021-09-08,1.6538310049411677,1.2220706221697464
2021-09-09,1.6474800042657562,1.216867307718914
2021-09-10,1.6345519178130885,1.2075906365380507
2021-09-13,1.6316602680317085,1.2149060016029758
2021-09-14,1.6280313533112931,1.2035932780724545
2021-09-15,1.64090309622836,1.2147555075109644
2021-09-16,1.643000248835804,1.2103811625969103
2021-09-17,1.6240622444989512,1.2032920394822886
2021-09-20,1.5933862998115955,1.185191556630383
2021-09-21,1.5974691621343,1.181797927375834
2021-09-22,1.6124382353986704,1.19356300960389
2021-09-23,1.628598343464505,1.2103059155509046
2021-09-24,1.630233905655682,1.211844285691124
2021-09-27,1.6162628417048803,1.2160892958322598
2021-09-28,1.5703746756247554,1.2010048297710878
2021-09-29,1.5689547118836866,1.2048707250115493
2021-09-30,1.5563465571789126,1.1863751012658101
2021-10-01,1.572987096086168,1.2018385570245849
2021-10-04,1.5390247413885034,1.196229459418837
2021-10-05,1.5587320038391805,1.2047191040918939
2021-10-06,1.5688981906082256,1.2077512720788584
2021-10-07,1.58548149728058,1.2174538841091582
2021-10-08,1.5786095410756815,1.2170751448176989
2021-10-11,1.5688407806334648,1.2072205362585289
2021-10-12,1.5684433543066365,1.2054768330809562
2021-10-13,1.5797451210408442,1.2066900508443423
2021-10-14,1.6068353417937504,1.2257921582687028
2021-10-15,1.6197845792897514,1.2333722026268992
2021-10-18,1.6348339909708147,1.2299611701454038
2021-10-19,1.646647293021933,1.2395880343174117
2021-10-20,1.6444891756425293,1.2510342243222126
2021-10-21,1.6567560698162167,1.249594013390094
2021-10-22,1.6484643276101092,1.252322563928533
2021-10-25,1.661924033983861,1.254672500378584
2021-10-26,1.66436653513917,1.2543693837423449
2021-10-27,1.6649345917315415,1.2371624752121406
2021-10-28,1.683619672247698,1.2484567938911433
2021-10-29,1.6924227720308553,1.2472437013308286
2021-11-01,1.6923083075610532,1.2536114043471398
2021-11-02,1.6986127403931603,1.257174182951362
2021-11-03,1.712128968042373,1.2634655120940232
2021-11-04,1.7310410223596742,1.258159405921443
2021-11-05,1.7329152891827515,1.2642237418953717
2021-11-08,1.7343348974441002,1.266952417636882
2021-11-09,1.7258725249724498,1.2657395754827105
2021-11-10,1.7007136255376625,1.2618738054453207
2021-11-11,1.703269169243894,1.2618738054453207
2021-11-12,1.7237716398279472,1.265663702421347
2021-11-15,1.7224654295972408,1.2666494262037145
2021-11-16,1.7391624897799574,1.2646024811868313
2021-11-17,1.7355273541644443,1.2586901417417726
2021-11-18,1.7490442927730967,1.2533079121016857
2021-11-19,1.7552346166151216,1.2422409622006307
2021-11-22,1.7333125377697198,1.247622816231503
2021-11-23,1.7249075752728302,1.2559610903910476
2021-11-24,1.7358115602004902,1.2554303545707182
2021-11-26,1.6975900252390597,1.2273082422621857
2021-11-29,1.729621236358465,1.2321593604727283
2021-11-30,1.7030994276776505,1.2027481573394463
2021-12-01,1.6715790409157152,1.1909991011045493
2021-12-02,1.6900362589314277,1.216771527369174
2021-12-03,1.6618104582133584,1.213815482849716
2021-12-06,1.6770879101347267,1.2306435268853892
2021-12-07,1.7264409370445415,1.2460313599889437
2021-12-08,1.737572428992926,1.2469409603038044
2021-12-09,1.716786463332267,1.2423929587295008
2021-12-10,1.7336534428210872,1.2482292999101245
2021-12-13,1.7125047101062882,1.242793608558483
2021-12-14,1.69174789378266,1.2405094037209994
2021-12-15,1.7275173296363444,1.2514728106818769
2021-12-16,1.6890750417688674,1.2568780776871302
2021-12-17,1.6812841704880739,1.241346887066643
2021-12-20,1.6606983399097082,1.227947529145555
2021-12-21,1.6991409832569053,1.2462954132668569
2021-12-22,1.7204662116526255,1.253985135515737
2021-12-23,1.7341713767729554,1.2609893709478432
2021-12-27,1.7601592549145075,1.2746167236622363
2021-12-28,1.7524826703636562,1.2767488067677784
2021-12-29,1.753392342966834,1.2796418741422428
2021-12-30,1.7466250755394404,1.278804390796599
2021-12-31,1.7378102449255273,1.278499521317358
2022-01-03,1.7502641214318728,1.2829919327278902
2022-01-04,1.7321234581067153,1.294259332746508
2022-01-05,1.6768484945433866,1.2829156840573122
2022-01-06,1.6721854893178347,1.2854280088911723
2022-01-07,1.6537602644769118,1.2886254449325918
2022-01-10,1.6527938928584127,1.2866459843712776
2022-01-11,1.6716739540009244,1.297076276653466
2022-01-12,1.6771330560591518,1.2981422556047013
2022-01-13,1.6353355728555687,1.2928126112546683
2022-01-14,1.6394866872844907,1.2906811541644843
2022-01-18,1.6015561124737836,1.271876153628928
2022-01-19,1.584268778216203,1.2606847518747453
2022-01-20,1.5645922647612955,1.248732115445497
2022-01-21,1.5237618641356514,1.2312975877312022
2022-01-24,1.5359311791262311,1.2333527961508084
2022-01-25,1.5014695531619924,1.2284045203567375
2022-01-26,1.502208950979347,1.22002981210337
2022-01-27,1.489356937186734,1.2164517587244175
2022-01-28,1.5417315417155455,1.2343426516345368
2022-01-31,1.5869409192705564,1.248198875563736
2022-02-01,1.5992812200063995,1.2572588202277346
2022-02-02,1.6102571895773357,1.267384493436825
2022-02-03,1.5513989904375964,1.2538328885807237
2022-02-04,1.5701087767942847,1.254213380715185
2022-02-07,1.559417724218834,1.2554314813983616
2022-02-08,1.5756816323628746,1.263958311383671
2022-02-09,1.6067880629910072,1.2781955282596178
2022-02-10,1.5742031922078852,1.261065369212278
2022-02-11,1.5281401301055784,1.2473615174211634
2022-02-14,1.5292778429490606,1.2379210806227037
2022-02-15,1.5637963456684807,1.2521579218894356
2022-02-16,1.562999893356085,1.2543656276501982
2022-02-17,1.5179609683267579,1.2349518897807326
2022-02-18,1.5015831289324952,1.2295464975724075
2022-02-22,1.4815658881660811,1.2191923287577258
2022-02-23,1.4453983150261287,1.2041181293484213
2022-02-24,1.4921433649710294,1.2056404734954813
2022-02-25,1.5173927339945268,1.2398244177165114
2022-02-28,1.520861327361275,1.233200799621938
2022-03-01,1.4983989193416527,1.2141675538869339
2022-03-02,1.5230222885784377,1.2380734527607886
2022-03-03,1.50129910063631,1.2389869343708677
2022-03-04,1.4790067896626509,1.2344189003051151
2022-03-07,1.4211729053357516,1.2061735881741709
2022-03-08,1.413211314919485,1.1964285323026131
2022-03-09,1.4662689737300498,1.2178219811395363
2022-03-10,1.4547246809569525,1.2165278821919245
2022-03-11,1.4262909246027526,1.2068589497878734
2022-03-14,1.4024634744587834,1.2055643500279754
2022-03-15,1.445796541182327,1.2207149233109293
2022-03-16,1.493223490099891,1.2401287863834667
2022-03-17,1.5127864277842962,1.2548226188613814
2022-03-18,1.545427997582739,1.2592385311951924
2022-03-21,1.5403666773310594,1.2617506056229093
2022-03-22,1.5669236785041425,1.2697443209295296
2022-03-23,1.5444043937293388,1.2551269875283362
2022-03-24,1.5732963634424668,1.2677580994023514
2022-03-25,1.5713028331733685,1.2798383177615165
2022-03-28,1.5953361060751494,1.2789973287298688
2022-03-29,1.6239266289858174,1.2913074199284122
2022-03-30,1.6054738544666036,1.2879432133956792
2022-03-31,1.5811556645693372,1.269057707285112
2022-04-01,1.584686644626925,1.2741040170842117
2022-04-04,1.6129346628274865,1.2721160427140317
2022-04-05,1.5818959510859913,1.2633232814047355
2022-04-06,1.5468134797909787,1.2641643956394546
2022-04-07,1.5522811133624834,1.26974594856946
2022-04-08,1.5355371298567426,1.2766271093822257
2022-04-11,1.5006256443069932,1.2645467658199891
2022-04-12,1.4952721197255705,1.2605709422827007
2022-04-13,1.5208435533752809,1.2702810664972939
2022-04-14,1.4914567558920773,1.2633232814047355
2022-04-18,1.4895202801180203,1.2619471744452537
2022-04-19,1.5211284703707662,1.278538459472613
2022-04-20,1.5070040169208356,1.2876370918857225
2022-04-21,1.478357417084356,1.2710458068583634
2022-04-22,1.4354156446624726,1.2379392350680802
2022-04-25,1.4540386939675103,1.238321855654758
2022-04-26,1.3989095659592625,1.2131669309390518
2022-04-27,1.4038642422949779,1.213931170487835
2022-04-28,1.4518747111727284,1.233045923422423
2022-04-29,1.388202516796417,1.1960399019685009
2022-05-02,1.4064271622053968,1.196575270302478
2022-05-03,1.4071106608367996,1.2068971367246981
2022-05-04,1.4524442785539087,1.2386272259462852
2022-05-05,1.3821086168284105,1.2081203707338088
2022-05-06,1.3665036792151013,1.2046796651243543
2022-05-09,1.310804806085813,1.1710381006093087
2022-05-10,1.3208283566172554,1.167367772566619
2022-05-11,1.2827846503856961,1.1601811162592544
2022-05-12,1.2810759482421532,1.161862969119478
2022-05-13,1.3264667093242335,1.1821245821895268
2022-05-16,1.3114313390921055,1.1830418198917525
2022-05-17,1.3424700508336005,1.2034565563183153
2022-05-18,1.2786270484518865,1.1646156838507273
2022-05-19,1.2741847961323813,1.157581274478376
2022-05-20,1.2716790195869332,1.1606397351103672
2022-05-23,1.2941179659450435,1.1812072192842296
2022-05-24,1.2680909850343045,1.1824303280902688
2022-05-25,1.2860308911876581,1.190611347191938
2022-05-26,1.3199171732252681,1.2081966194043872
2022-05-27,1.3638271835341802,1.2301405861469457
2022-05-31,1.3564802175535895,1.2197418450387896
2022-06-01,1.345716380505493,1.210567214361245
2022-06-02,1.384045181472398,1.2247882800409609
2022-06-03,1.3514686644626928,1.2131669309390518
2022-06-06,1.356936120294338,1.2156132737542016
2022-06-07,1.3696932210017425,1.2289934756053416
2022-06-08,1.358815452703424,1.213166930939052
2022-06-09,1.3228824961785937,1.1864047743937702
2022-06-10,1.2736523763819279,1.1593815694442924
2022-06-13,1.2173484767694007,1.1176954571755746
2022-06-14,1.21837519107035,1.109788006785257
2022-06-15,1.2462135188937478,1.1182329539617681
2022-06-16,1.1973826916924395,1.0862196553923196
2022-06-17,1.2086776154420396,1.0823810544214576
2022-06-21,1.2394250115530916,1.1074847710808968
2022-06-22,1.239025630087804,1.1056425330860091
2022-06-23,1.2607028722761373,1.1103255035714508
2022-06-24,1.3071948206604822,1.140188940199196
2022-06-27,1.2980105577476815,1.1403423139618531
2022-06-28,1.2611023426113548,1.125833156014485
2022-06-29,1.2633272013081662,1.120612813945921
2022-06-30,1.2475824712950134,1.1129354868011252
2022-07-01,1.2608170701361494,1.1268310244947932
2022-07-05,1.2769037716398286,1.120228816125456
2022-07-06,1.2830078916497818,1.1192305720359332
2022-07-07,1.307365895275675,1.133893854964388
2022-07-08,1.308335910561303,1.1310534980830487
2022-07-11,1.286487504887847,1.121841056077894
2022-07-12,1.2706288436244721,1.1160065929433436
2022-07-13,1.2665785965660668,1.1091738857192703
2022-07-14,1.2688035441328078,1.097888832067563
2022-07-15,1.2911082080267324,1.1211500603259714
2022-07-18,1.2787863033663938,1.115699344605743
2022-07-19,1.3163222068181015,1.1447952864048447
2022-07-20,1.3314391596459427,1.1487105116554996
2022-07-21,1.3500930468166794,1.155082346373172
2022-07-22,1.331952827841172,1.1480195159035773
2022-07-25,1.3280734776581,1.153086233803341
2022-07-26,1.3042285201379265,1.1451024095393738
2022-07-27,1.350834755252213,1.1644482873440556
2022-07-28,1.372454854075575,1.175810466087842
2022-07-29,1.3985816359176708,1.186327899707834
2022-08-01,1.3952730084248695,1.1833337934546229
2022-08-02,1.3892262095197465,1.174735597718526
2022-08-03,1.4191179659450426,1.186941895570749
2022-08-04,1.4234533966087233,1.1813378060878632
2022-08-05,1.4191179659450426,1.1837176660720163
2022-08-08,1.4156953183320888,1.1861742755390337
2022-08-09,1.4029170665813513,1.185022532483782
2022-08-10,1.4393692012370694,1.20674852067876
2022-08-11,1.4325236394013716,1.2121227373222672
2022-08-12,1.4600766058796342,1.2302403729949762
2022-08-15,1.4686335359567733,1.2320059867100712
2022-08-16,1.4687473783370653,1.2371493288896276
2022-08-17,1.457338256727453,1.226401772024114
2022-08-18,1.4608180477053778,1.2295492520399824
2022-08-19,1.436573886459777,1.2155005909898002
2022-08-22,1.4029741210763922,1.1926228597395705
2022-08-23,1.400121929543919,1.1903966239242179
2022-08-24,1.4037156517720655,1.1956938406787176
2022-08-25,1.4257351320607154,1.2119689879503956
2022-08-26,1.3714851053997366,1.177345580948201
2022-08-29,1.358649710284028,1.1728163598346308
2022-08-30,1.3442173225267493,1.1589975716238272
2022-08-31,1.3332077601222847,1.1512438706053816
2022-09-01,1.3334358892325187,1.1540843526897924
2022-09-02,1.3175203512139628,1.1444881632703159
2022-09-06,1.312842415840176,1.1398053179879457
2022-09-07,1.3382847214816391,1.1594583189271566
2022-09-08,1.3455864526678751,1.1704366250535496
2022-09-09,1.3714279620347656,1.186788521808092
2022-09-12,1.3883134264690193,1.1973058302250126
2022-09-13,1.3207718353417934,1.1532401083782846
2022-09-14,1.3281306210230706,1.1550823463731723
2022-09-15,1.3086783264014785,1.1473287705577984
2022-09-16,1.2969837545768013,1.1364270887111982
2022-09-19,1.3078795634709037,1.143720167629386
2022-09-20,1.2956147133056057,1.1272146467060433
2022-09-21,1.2731387970566277,1.108482889967348
2022-09-22,1.258478102449255,1.0984259532445422
2022-09-23,1.239139916817745,1.0773144617247652
2022-09-26,1.2308631936298033,1.0610304250350067
2022-09-27,1.2317782872987095,1.0566252801653497
2022-09-28,1.2535140947708932,1.0808153900116384
2022-09-29,1.2242281646582063,1.0621899306806948
2022-09-30,1.2034648608296896,1.0509837549640684
2022-10-03,1.2319498951334826,1.0798878856575451
2022-10-04,1.2705592584693042,1.1140474152796216
2022-10-05,1.269815417155451,1.1101058973839395
2022-10-06,1.2606638583768792,1.0975858406343952
2022-10-07,1.2171353666773308,1.073086980013647
2022-10-10,1.2052379936724607,1.0664405749600507
2022-10-11,1.1934551740073227,1.062035304887322
2022-10-12,1.1917391845295227,1.0570891575454677
2022-10-13,1.2179362624862247,1.0864569152129195
2022-10-14,1.1841887952792292,1.0664405749600507
2022-10-17,1.2215395826668085,1.0893163029611355
2022-10-18,1.2353248195940418,1.1038458690091677
2022-10-19,1.2267447833351104,1.093644447941785
2022-10-20,1.2182793004159107,1.0833659017823236
2022-10-21,1.247851213963243,1.107401010226025
2022-10-24,1.2624370800895803,1.1187616865329526
2022-10-25,1.2870898652731853,1.1362278906243513
2022-10-26,1.2652396822011298,1.1398604073394307
2022-10-27,1.254772137499555,1.1384691508082907
2022-10-28,1.2843440510468873,1.1628906359308164
2022-10-31,1.2731331093811091,1.1572491107295355
2022-11-01,1.261064128541466,1.1597219965958554
2022-11-02,1.220567434502861,1.1374641457529038
2022-11-03,1.2005478831182674,1.1328273752008664
2022-11-04,1.2128455262877245,1.1496752013218454
2022-11-07,1.225429330631687,1.1594129954152528
2022-11-08,1.232579094237673,1.1650546458196056
2022-11-09,1.2030072695602712,1.143801549625898
2022-11-10,1.2873185276029997,1.194036277214376
2022-11-11,1.306365664213856,1.2024601902748655
2022-11-14,1.2911506878532573,1.1931861483585047
2022-11-15,1.3065373609185593,1.2019191878026683
2022-11-16,1.294239628879172,1.1923361447057053
2022-11-17,1.288176477906935,1.1881626255184286
2022-11-18,1.2907503288187403,1.1959682858115703
2022-11-21,1.2799969784223804,1.1958911607194913
2022-11-22,1.2980718779993594,1.211579606397854
2022-11-23,1.3105412178735196,1.215366498500163
2022-11-25,1.307280846752692,1.2188443894218701
2022-11-28,1.2865748640290064,1.1992913005337615
2022-11-29,1.278223845579609,1.203155568134293
2022-11-30,1.330503625893142,1.2287365589025072
2022-12-01,1.3321052397710704,1.2285819331091345
2022-12-02,1.328959155380185,1.2276549295673274
2022-12-05,1.3048211937008984,1.2038513216029345
2022-12-06,1.2813698411005645,1.1898631336363146
2022-12-07,1.2764508904766978,1.1892446304628235
2022-12-08,1.2909790800184846,1.1955819091327464
2022-12-09,1.281312519995734,1.1866167431939165
2022-12-12,1.3003599232163803,1.2030009423409205
2022-12-13,1.3123560307134474,1.2108168692859298
2022-12-14,1.303983861220717,1.205139911615398
2022-12-15,1.2647612064981693,1.1809530570489695
2022-12-16,1.2494505172229922,1.16765411199127
2022-12-19,1.2333944758451527,1.1599551247150948
2022-12-20,1.233279922505421,1.163610052779983
2022-12-21,1.2529484376666309,1.1800976696640932
2022-12-22,1.2291511144289216,1.1691317586417844
2022-12-23,1.2336239380043366,1.1773755044823038
2022-12-27,1.2218111691727984,1.178853401538961
2022-12-28,1.2057550389250289,1.1653990794694595
2022-12-29,1.2319608261348687,1.1821196992697367
2022-12-30,1.2285203156659907,1.1793975340879472
2023-01-03,1.2192306530162451,1.1790087785507632
2023-01-04,1.223531602147097,1.1928519813605205
2023-01-05,1.2037480004265753,1.1842191043736026
2023-01-06,1.2323047527638544,1.208794964883358
2023-01-09,1.238727382602822,1.2038956434902661
2023-01-10,1.2479024030429062,1.2126058959754062
2023-01-11,1.2699792933063165,1.223260426958753
2023-01-12,1.2754270200135076,1.229015636549008
2023-01-13,1.2824229497707151,1.2325151876020939
2023-01-17,1.2844298105293086,1.2265269750956718
2023-01-18,1.267742881518609,1.2047512812812857
2023-01-19,1.2565035903451702,1.1967406635600053
2023-01-20,1.2868381856315092,1.2135390344677195
2023-01-23,1.3073670505847637,1.2254380839823418
2023-01-24,1.3043853755643233,1.2241159395467012
2023-01-25,1.3029517258540393,1.2266047262031088
2023-01-26,1.321588283388432,1.2360926149656888
2023-01-27,1.3315087448011083,1.2350817253659385
2023-01-30,1.309316767978386,1.2231049247438794
2023-01-31,1.3308205360634169,1.2400591734756818
2023-02-01,1.3541018804877174,1.2474474067282528
2023-02-02,1.3869595819558485,1.2564687888462118
2023-02-03,1.367921510077849,1.2458918837672304
2023-02-06,1.3575424798265248,1.2384258994072224
2023-02-07,1.37990633109381,1.249936068181589
2023-02-08,1.3623592300309257,1.2388924060518431
2023-02-09,1.3522095730688555,1.2254380839823416
2023-02-10,1.346819078596565,1.2336039535123524
2023-02-13,1.3660864348938881,1.2447254919526063
2023-02-14,1.3718782659699251,1.2409145608605583
2023-02-15,1.3816265863282486,1.243947480065952
2023-02-16,1.356969002168425,1.231581923906709
2023-02-17,1.349342273648287,1.2304154068890134
2023-02-21,1.3184343784437083,1.2080950797133552
2023-02-22,1.3195239237851466,1.2053731649377086
2023-02-23,1.3305337527994012,1.207861951594116
2023-02-24,1.3098902456364852,1.2003960924371797
2023-02-27,1.3182050051544547,1.2000845871951462
2023-02-28,1.3149938679748305,1.1963517828197496
2023-03-01,1.3071376772955088,1.1940186235812873
2023-03-02,1.317631527496355,1.2023401205292432
2023-03-03,1.342002417262094,1.2189831144251555
2023-03-06,1.3441813302051102,1.2164164514582396
2023-03-07,1.326691816856847,1.1955738961361668
2023-03-08,1.331221872667163,1.195107389491546
2023-03-09,1.3078832960079612,1.169831769014859
2023-03-10,1.2852900714514224,1.1515556262535591
2023-03-13,1.2928019800220383,1.13965682714508
2023-03-14,1.3179181330205099,1.1563774469453574
2023-03-15,1.3163700188404235,1.1400453322761208
2023-03-16,1.3461883687035643,1.1536554069666394
2023-03-17,1.3378736980555246,1.1327349753340583
2023-03-20,1.3445256123138163,1.1477449455676538
2023-03-21,1.364824837368027,1.1629100424069088
2023-03-22,1.3448122178379711,1.1397344530494453
2023-03-23,1.3553177988695733,1.1351452596645997
2023-03-24,1.3604327076890252,1.14437022197691
2023-03-27,1.3561222494756664,1.1535953094922922
2023-03-28,1.3511226049553862,1.1548463385832883
2023-03-29,1.3718117912623076,1.1705599500790338
2023-03-30,1.3818114357825875,1.1757978205776156
2023-03-31,1.4041673776261052,1.1903390305113024
2023-04-03,1.4060636841918157,1.196828055303952
2023-04-04,1.4004892289644866,1.1872120837991693
2023-04-05,1.387845881767444,1.1904952839446052
2023-04-06,1.3961789484909874,1.1917460626294585
2023-04-10,1.3964089438697511,1.1959677849992847
2023-04-11,1.391581351533894,1.2012839074175896
2023-04-12,1.383535690163875,1.1978439530265645
2023-04-13,1.4083625715402925,1.2075384268572131
2023-04-14,1.403707653478368,1.2063657748890115
2023-04-17,1.406408766129891,1.2121507828102969
2023-04-18,1.4077879385731031,1.2126197935163487
2023-04-19,1.4089373822473417,1.2125416667996973
2023-04-20,1.4015237638192732,1.2042546006964194
2023-04-21,1.4026157086488207,1.2049583671616406
2023-04-24,1.4015237638192732,1.2073817978146955
2023-04-25,1.3753175322597835,1.1903390305113024
2023-04-26,1.3799724503217077,1.1766577152730682
2023-04-27,1.4080753439266278,1.1973749423205124
2023-04-28,1.4185348903345047,1.208867207055646
2023-05-01,1.4185348903345047,1.208163690996568
2023-05-02,1.4058339554228418,1.1897133907627324
2023-05-03,1.3988225622978199,1.1800977948671645
2023-05-04,1.3912365362056083,1.1689964141214313
2023-05-05,1.420258966975933,1.1877592212218728
2023-05-08,1.4226151754292407,1.188306483847648
2023-05-09,1.4162935907006495,1.1835376240551183
2023-05-10,1.4296841562688838,1.1824429736004967
2023-05-11,1.4308909210479532,1.1764233351231137
2023-05-12,1.4276726742739316,1.175485188507938
2023-05-15,1.4328448153282844,1.1809575643595458
2023-05-16,1.4293968397852896,1.1661819742759045
2023-05-17,1.446407966300522,1.1806451826960114
2023-05-18,1.4673846468308975,1.1867426974839026
2023-05-19,1.4637639970139698,1.1854919187990496
2023-05-22,1.465372898226155,1.1866645707672514
2023-05-23,1.444741121893995,1.1781435001232337
2023-05-24,1.4363506451956907,1.1673548766502493
2023-05-25,1.4624994667804192,1.1613349877667234
2023-05-26,1.4888781060040515,1.1704036966457307
2023-05-30,1.492786427784294,1.1682146461426304
2023-05-31,1.4850281717677996,1.1618822503924984
2023-06-01,1.5018092140343382,1.1711072127048088
2023-06-02,1.520429064021896,1.1930752184371063
2023-06-05,1.5188779282641913,1.1889318731900747
2023-06-06,1.519797554299526,1.1962025407584538
2023-06-07,1.5000616757313983,1.2061481719506457
2023-06-08,1.5140474920905747,1.2074829618965135
2023-06-09,1.519342540258077,1.205991542908128
2023-06-12,1.541040844619813,1.2100732882439538
2023-06-13,1.5507100707404629,1.2200427080197411
2023-06-14,1.5565235860794129,1.2164319766391125
2023-06-15,1.576609967651344,1.2316606766387181
2023-06-16,1.567113149194837,1.2295412390434033
2023-06-20,1.5644662472005957,1.2192579351672226
2023-06-21,1.5503069567381167,1.2169029905943094
2023-06-22,1.5640053677437686,1.2125854878747422
2023-06-23,1.5496743805765867,1.2048138828170638
2023-06-26,1.5329257758344872,1.2101517905698198
2023-06-27,1.5565235860794127,1.2201999630776166
2023-06-28,1.5595158366215192,1.2191006801093471
2023-06-29,1.5611275816714643,1.228677838661947
2023-06-30,1.5838043439621754,1.2389611425381277
2023-07-03,1.5822503643667112,1.243671031683954
2023-07-05,1.584380043368524,1.2373914716300192
2023-07-06,1.5737897692936598,1.2242033312906475
2023-07-07,1.5668835092957927,1.225694750279033
2023-07-10,1.568264725747394,1.2338586165598988
2023-07-11,1.5760342682449944,1.247046631696199
2023-07-12,1.592264939035226,1.2523064127323034
2023-07-13,1.6126972023746025,1.2576441952819875
2023-07-14,1.6168410294692668,1.2487738080683262
2023-07-17,1.628870107710353,1.2495585809208447
2023-07-18,1.6425107532615242,1.2580364565051751
2023-07-19,1.6424533432867632,1.2649446611813973
2023-07-20,1.6126972023746022,1.271931242980414
2023-07-21,1.6076897373004846,1.2753849697093105
2023-07-24,1.6130423731826078,1.2807231278682092
2023-07-25,1.6222510753261503,1.2800951092612798
2023-07-26,1.6187981230670767,1.28394159802565
2023-07-27,1.609589243183674,1.2731084022591916
2023-07-28,1.6349710284028274,1.2786038154759658
2023-07-31,1.638251750737618,1.2826071836889967
2023-08-01,1.6336472219259865,1.2782894305632864
2023-08-02,1.6019919306103563,1.2676134898547033
2023-08-03,1.5975023994881068,1.2633746146640739
2023-08-04,1.5897902669652668,1.258821604966908
2023-08-07,1.6013586434893865,1.2702041918113582
2023-08-08,1.5937039209413078,1.2645521495520664
2023-08-09,1.577185489317832,1.2607055355846246
2023-08-10,1.5793729337741258,1.2591354890673014
2023-08-11,1.5727540791297832,1.26266821893435
2023-08-14,1.5898476769400283,1.2618045681467507
2023-08-15,1.5747106395080137,1.2450056964267504
2023-08-16,1.5617032810778122,1.2364490681104106
2023-08-17,1.5446093277878472,1.230718648728324
2023-08-18,1.542594646475416,1.2329164634464334
2023-08-21,1.5634872560520399,1.2311111603576548
2023-08-22,1.562278625004441,1.2253022386497021
2023-08-23,1.5853009135828775,1.2338586165598988
2023-08-24,1.5561780597916863,1.2228687917509227
2023-08-25,1.568609896555399,1.2302477599761985
2023-08-28,1.5795455191781285,1.237626853404546
2023-08-29,1.610049589420921,1.2493231991463174
2023-08-30,1.6205819203014444,1.2526201716296246
2023-08-31,1.6225391916391148,1.2479886596065928
2023-09-01,1.622999360136502,1.2548181115508055
2023-09-05,1.6243233443532026,1.2403741844037182
2023-09-06,1.6077471472752458,1.236292313864821
2023-09-07,1.6017041697771122,1.2354286630772218
2023-09-08,1.6024522768476037,1.236763327820018
2023-09-11,1.619833813230953,1.2397460405937175
2023-09-12,1.6015315843731095,1.2413947146399784
2023-09-13,1.6064812839927465,1.2380978673597427
2023-09-14,1.6170712025878904,1.2522275347972223
2023-09-15,1.59186235825246,1.242964886360373
2023-09-18,1.5931282215349596,1.2418657285951753
2023-09-19,1.5901932032277541,1.238725635560529
2023-09-20,1.5683219579822953,1.2340157464147026
2023-09-21,1.5394294550495877,1.2158038328291114
2023-09-22,1.537760300024882,1.2105444274022217
2023-09-25,1.5458179588354468,1.2140769068631274
2023-09-26,1.5212176957804542,1.1987183712783172
2023-09-27,1.5238704631900735,1.1989553806927744
2023-09-28,1.535172940883721,1.2050387475335798
2023-09-29,1.5338464683089814,1.1994295247247602
2023-10-02,1.5469368312537755,1.185998866035783
2023-10-03,1.5192572251253051,1.1732006080612392
2023-10-04,1.540016707546833,1.1754125707264345
2023-10-05,1.5401322384557945,1.1728843451024864
2023-10-06,1.5655049589420906,1.1816538186404728
2023-10-09,1.5731168461839231,1.1908180574630782
2023-10-10,1.5806711457111353,1.199903668756746
2023-10-11,1.5934152714087642,1.198876627960765
2023-10-12,1.5853995592051453,1.1865518880028494
2023-10-13,1.570060609292238,1.1863938817265445
2023-10-16,1.5879369734456628,1.1993506467896793
2023-10-17,1.583900323486543,1.204406847631432
2023-10-18,1.56008442643347,1.188290207448345
2023-10-19,1.547109949877357,1.176676495733801
2023-10-20,1.5252545234794335,1.1644310093201808
2023-10-23,1.5292909956986935,1.155266645294504
2023-10-24,1.5430729444385178,1.1625348088014522
2023-10-25,1.5110108065834824,1.1525015354591706
2023-10-26,1.481659290462477,1.1511584821105798
2023-10-27,1.4847155273541626,1.1351997230007262
2023-10-30,1.5055904518147218,1.1462600371389888
2023-10-31,1.511472219259889,1.1567677049193994
2023-11-01,1.534999822260138,1.1623770529312905
2023-11-02,1.5629101347268117,1.1856038503450208
2023-11-03,1.5779606128470347,1.1995085278629125
2023-11-06,1.58707191354733,1.19374142398086
2023-11-07,1.602180334861894,1.1882902074483452
2023-11-08,1.6087543990615314,1.1846558126871922
2023-11-09,1.5946262130745419,1.1751754361089057
2023-11-10,1.6254196438093182,1.1873419193843733
2023-11-13,1.6236319362980314,1.1868680257585307
2023-11-14,1.6558668372969296,1.2130180644869708
2023-11-15,1.6559247804912707,1.219496447018538
2023-11-16,1.660422665386937,1.2154671617696948
2023-11-17,1.6598460772812886,1.2217084096837334
2023-11-20,1.677318438733068,1.2260537074851863
2023-11-21,1.6723593189008543,1.2243946415839861
2023-11-22,1.6799708506629671,1.229608848702044
2023-11-24,1.677952970033057,1.233795889821049
2023-11-27,1.675992321638048,1.2308728989124822
2023-11-28,1.679913796167926,1.229924736051582
2023-11-29,1.6765689097436964,1.2335590056096635
2023-11-30,1.6772606732785866,1.2442244292602358
2023-12-01,1.6836617965945018,1.2578920973636702
2023-12-04,1.6694184351782706,1.2582869878513607
2023-12-05,1.6777798514094746,1.24833259244416
2023-12-06,1.6677460808360858,1.2458044920232836
2023-12-07,1.687467740215418,1.2494386363782934
2023-12-08,1.6959445096157235,1.2544947120169745
2023-12-11,1.6979049802708728,1.2643702294890946
2023-12-12,1.7111105186449083,1.2642123484158614
2023-12-13,1.7316396502079525,1.2863334775046729
2023-12-14,1.727891294301657,1.3042669394591215
2023-12-15,1.7336577085777225,1.2960506130912732
2023-12-18,1.745018129465711,1.297393666439864
2023-12-19,1.7530334861896097,1.309086256089489
2023-12-20,1.7306375528776052,1.2871778470192525
2023-12-21,1.748087696846892,1.3003687418261984
2023-12-22,1.7495320109487724,1.3054546157959104
2023-12-26,1.755656748782479,1.3129242310449936
2023-12-27,1.757274181507942,1.3148314494340194
2023-12-28,1.757736838363368,1.3167387930261167
2023-12-29,1.7517278091784831,1.3131627428963093
2024-01-02,1.7257266005474357,1.3177718435695327
2024-01-03,1.7088546443425372,1.305852010345032
2024-01-04,1.7012276492126093,1.3038652880055674
2024-01-05,1.703192207884537,1.3077593539371293
2024-01-08,1.7380914293839502,1.317295070273044
2024-01-09,1.7430606803881803,1.3096661967169405
2024-01-10,1.7610877679428354,1.3094280604748394
2024-01-11,1.7635725711848103,1.304580573153372
2024-01-12,1.7655371298567384,1.3040244211095162
2024-01-16,1.763110447548964,1.294647086659121
2024-01-17,1.7550209733034698,1.286065167322327
2024-01-18,1.7786534428210836,1.290276748243357
2024-01-19,1.8040768191674632,1.3014815467261964
2024-01-22,1.8098547865344248,1.3064080371858162
2024-01-23,1.8144196793572895,1.3089511619752796
2024-01-24,1.821295012619527,1.3034681438625895
2024-01-25,1.8236063417581996,1.3168182969765556
2024-01-26,1.8214108990082085,1.3174538277677783
2024-01-29,1.8407095375208813,1.3238906428795885
2024-01-30,1.8333713696633578,1.327863962355446
2024-01-31,1.7944274999111274,1.313957406791481
2024-02-01,1.8208910099178814,1.3265127708072042
2024-02-02,1.8569457182467712,1.3252415840216873
2024-02-05,1.8552701645871075,1.3128448522976266
2024-02-06,1.8574657850769585,1.3207119872989028
2024-02-07,1.881271195478295,1.3242084082752
2024-02-08,1.8845648928228618,1.3261156266642258
2024-02-09,1.9037478226867128,1.3269896693067644
2024-02-12,1.8948496320784871,1.335572089455845
2024-02-13,1.8676353489033424,1.3153877266809466
2024-02-14,1.8899962674629385,1.3260361227137871
2024-02-15,1.893289609327785,1.343438974050978
2024-02-16,1.8814444918417377,1.339704041223365
2024-02-20,1.8626083324446314,1.3379559559382879
2024-02-21,1.857697024634742,1.3441542591987823
2024-02-22,1.91414827059116,1.354961412726357
2024-02-23,1.9121259464647515,1.3586168416035314
2024-02-26,1.9079657673029728,1.3524185383430367
2024-02-27,1.9104503928050878,1.3561534711706498
2024-02-28,1.9032277558565258,1.356868756318454
2024-02-29,1.9133391987487085,1.360921329338607
2024-03-01,1.9365093668906164,1.3679936752416402
2024-03-04,1.9284780135793227,1.3725232719644247
2024-03-05,1.8979119121254107,1.3679144216973447
2024-03-06,1.9081392414062752,1.3758608102429164
2024-03-07,1.9339669759340203,1.3832512971507753
2024-03-08,1.911952650101309,1.3831715427941937
2024-03-11,1.9033432867654871,1.3873831237152237
2024-03-12,1.9355845863993433,1.390720787196787
2024-03-13,1.9279001812946548,1.3930254001349343
2024-03-14,1.929344495396535,1.3820591135034106
2024-03-15,1.9072724041093434,1.381502961459555
2024-03-18,1.9238553553019777,1.384443105188925
2024-03-19,1.9363936582417949,1.3911181817459084
2024-03-20,1.9579458604386595,1.4033557803660202
2024-03-21,1.959647008638155,1.4125344175418546
2024-03-22,1.9613826383704789,1.404632976898972
2024-03-25,1.9538034552628754,1.402956632973897
2024-03-26,1.9470342326970225,1.401919075119905
2024-03-27,1.9550764281397723,1.424985236992828
2024-03-28,1.9500426575663836,1.4295346158009186
2024-04-01,1.948885571078168,1.4225908534523743
2024-04-02,1.9318758664818152,1.4136516045493566
2024-04-03,1.9371408766129874,1.4149289262853797
2024-04-04,1.9099484554406154,1.4010412763852198
2024-04-05,1.9363886815257165,1.4106986901066876
2024-04-08,1.93662009882336,1.4128536853743243
2024-04-09,1.9386449113078077,1.4150884349985429
2024-04-10,1.9245282784117141,1.3948956836178503
2024-04-11,1.9519521168817295,1.3929003222664484
2024-04-12,1.9244122142831728,1.3714303743528042
2024-04-15,1.8919551384593487,1.361773085834408
2024-04-16,1.8920127261739697,1.3544301760937405
2024-04-17,1.8759288685080495,1.3520357925532869
2024-04-18,1.8657463296718904,1.3533927434428201
2024-04-19,1.829123209270909,1.3612144297291209
2024-04-22,1.8473477658099582,1.3726276913261026
2024-04-23,1.8747136610856328,1.3860363142744858
2024-04-24,1.8750609647719572,1.3857169212389442
2024-04-25,1.8632585048522956,1.382364859404152
2024-04-26,1.8976248622516056,1.3811676676339253
2024-04-29,1.9001706302655406,1.3875527738771827
2024-04-30,1.867829263090538,1.3687967277426052
2024-05-01,1.8610598627848254,1.3666417324749685
2024-05-02,1.8840288294052796,1.3735854948235127
2024-05-03,1.9179325299491634,1.3817263237392121
2024-05-06,1.943042017702887,1.3925011748743252
2024-05-07,1.9420585830578336,1.395693727995954
2024-05-08,1.9392813977462557,1.397130433242069
2024-05-09,1.9452406597703573,1.4097408866092773
2024-05-10,1.947844015498913,1.4118158771141893
2024-05-13,1.9489433365326478,1.4102996679176356
2024-05-14,1.9588366926166834,1.4160461132928817
2024-05-15,1.9904262201841354,1.4267409596652698
2024-05-16,1.9841781308876298,1.4251447457059914
2024-05-17,1.9837151185524835,1.4290555888491419
2024-05-20,1.9944763783726107,1.4241073130550712
2024-05-21,1.9988155415733502,1.4261825539661264
2024-05-22,1.9914098325690488,1.4217129295146176
2024-05-23,1.9859134051402336,1.4012006598953117
2024-05-24,2.001997618285874,1.4090223461816127
2024-05-28,2.0108497742703744,1.4001632272443914
2024-05-29,2.001592726884928,1.3843602207555545
2024-05-30,1.975210088514447,1.3917828848528038
2024-05-31,1.9803595677366572,1.4139709975848982
2024-06-03,1.9907733461306,1.4047923604090637
2024-06-04,1.9970797341011661,1.3992056741531245
2024-06-05,2.0321988198073266,1.4055906551933106
2024-06-06,2.0349754718993247,1.4032760260094388
2024-06-07,2.032314172976428,1.4004824950768617
2024-06-10,2.040182716576016,1.4040741955906137
2024-06-11,2.058839714194302,1.3947708561555086
2024-06-12,2.0858323557640994,1.397094625163604
2024-06-13,2.0960266254310156,1.392366831978545
2024-06-14,2.1032094486509507,1.3845942252962942
2024-06-17,2.1238882371760655,1.3918860521837666
2024-06-18,2.1277108883438167,1.3972550102982686
2024-06-20,2.1132302442145643,1.4013418889600278
2024-06-21,2.108538445131702,1.401181378622292
2024-06-24,2.0879174220610683,1.412800474068913
2024-06-25,2.111318652020899,1.4024635832781058
2024-06-26,2.1224979559916073,1.3966138453688257
2024-06-27,2.127131811880129,1.3968543604692865
2024-06-28,2.1113765952152397,1.3980563099562324
2024-07-01,2.1311864135651026,1.3891616333466892
2024-07-02,2.1487954569691765,1.394610596223916
2024-07-03,2.1673888237176033,1.3946907261897123
2024-07-05,2.189515658881657,1.392607347079006
2024-07-08,2.192064448473211,1.3942098211918623
2024-07-09,2.19501866268529,1.3939695564975447
2024-07-10,2.2170875546550035,1.4071913764631654
2024-07-11,2.1701110874124594,1.4226567102680137
2024-07-12,2.1827384380221075,1.4317115216060783
2024-07-15,2.189342007038495,1.4368399646201193
2024-07-16,2.1863876150865558,1.461520620100768
2024-07-17,2.124467313639754,1.4647258187326242
2024-07-18,2.1078431267996125,1.4507026991090397
2024-07-19,2.0950419466069423,1.4410869780104003
2024-07-22,2.1279428388610393,1.448699324761058
2024-07-23,2.1306652802957555,1.4428498372579208
2024-07-24,2.049803952934482,1.4329135962960957
2024-07-25,2.0289511570864853,1.4386030742737834
2024-07-26,2.0459226476129504,1.4585555609601584
2024-07-29,2.0495138814830582,1.457914521233787
2024-07-30,2.0211894351427215,1.4664085480143483
2024-07-31,2.0747687604422134,1.469533616680408
2024-08-01,2.037118303650773,1.45406828287556
2024-08-02,1.9932702356830507,1.4292274926663902
2024-08-05,1.92318243219224,1.3948511113243771
2024-08-06,1.9483214247627136,1.4065503367367944
2024-08-07,1.9267740215420677,1.4007005988275143
2024-08-08,1.9843498275923324,1.424499699481331
2024-08-09,2.0020745796452277,1.425942038865666
2024-08-12,2.007982830329526,1.4197717810932002
2024-08-13,2.0539742632682767,1.433474506056671
2024-08-14,2.060403824961782,1.4389234689338974
2024-08-15,2.1039044115033194,1.456872831678434
2024-08-16,2.1066270306778954,1.461119719865643
2024-08-19,2.132981941630226,1.4722581607205574
2024-08-20,2.130433507518392,1.4660077729822951
2024-08-21,2.13935373786925,1.4737805048676174
2024-08-22,2.108016956382634,1.47041517150724
2024-08-23,2.1322290355835154,1.4893260938413333
2024-08-26,2.1182697024634702,1.4912493382235184
2024-08-27,2.12272955102911,1.4914897281209074
2024-08-28,2.1021668266325366,1.4887651840807583
2024-08-29,2.0954475489673277,1.4964579112033556
2024-08-30,2.116879421279012,1.5090385662395338
2024-09-03,2.055074828481031,1.4901275187023688
2024-09-04,2.0492245209910736,1.4895664837387226
2024-09-05,2.051367708222242,1.4778672583263053
2024-09-06,2.0048549642742843,1.4632033493824927
2024-09-09,2.0295304112900325,1.4778672583263055
2024-09-10,2.0487032099818667,1.474982579557635
2024-09-11,2.091972379225762,1.4731394651412464
2024-09-12,2.11519977960257,1.4797905027084906
2024-09-13,2.1251046887775016,1.49189037794989
2024-09-16,2.117864100103086,1.503429468633786
2024-09-17,2.120122995983076,1.5035897285653788
2024-09-18,2.112824641854179,1.5008651845252299
2024-09-19,2.1625813159859195,1.5160900032296172
2024-09-20,2.160727666986595,1.5116027251450188
2024-09-23,2.1631026269951263,1.5184940274065808
2024-09-24,2.171732963634421,1.5192153223018197
2024-09-25,2.174912196509186,1.509007515877788
2024-09-26,2.178914720415197,1.5194812536258069
2024-09-27,2.1674288151860908,1.5250401447998605
2024-09-30,2.17758042728662,1.5291489339991424
2024-10-01,2.1477633216024996,1.5231871393408187
2024-10-02,2.1493876861825005,1.5230258777846533
2024-10-03,2.1504896733141345,1.5165807992701201
2024-10-04,2.173925740286514,1.5276988320243705
2024-10-07,2.150373786925453,1.5173863558325174
2024-10-08,2.1852378159325982,1.518997719363454
2024-10-09,2.2004944722903534,1.5297936046145884
2024-10-10,2.2000883367103876,1.5247985028717554
2024-10-11,2.204439230741883,1.5420397170435662
2024-10-14,2.225090647328567,1.5522716876604086
2024-10-15,2.203859087839036,1.5459873698897542
2024-10-16,2.2058312893249408,1.5581528515406495
2024-10-17,2.208731826099318,1.5563804768596903
2024-10-18,2.2207401087767913,1.5601671185558565
2024-10-21,2.2286292702001322,1.546148756648991
2024-10-22,2.230601649425897,1.5413951716311913
2024-10-23,2.1966078347730233,1.538494842478576
2024-10-24,2.211574419679354,1.5351108538605371
2024-10-25,2.2204498595855076,1.524879008446766
2024-10-28,2.2255549038427325,1.5339830245919528
2024-10-29,2.2441180548149693,1.5255236790622126
2024-10-30,2.2340821513632614,1.523751179178182
2024-10-31,2.169342717997935,1.5120688561804247
2024-11-01,2.185876079769646,1.51263302122086
2024-11-04,2.1786827698979745,1.5110216576899231
2024-11-05,2.2090218975507416,1.5272152977620175
2024-11-06,2.26604582133589,1.5695129018322191
2024-11-07,2.3048542533148453,1.5657261349329816
2024-11-08,2.3124538765063427,1.5738634581626774
2024-11-11,2.3115838398919313,1.5826450763986055
2024-11-12,2.3133822117948144,1.570963003806991
2024-11-13,2.3109455760548836,1.572171463853658
2024-11-14,2.296037112082753,1.5615368401586884
2024-11-15,2.248178521915322,1.5553331531661172
2024-11-18,2.2569380754327937,1.562422902296097
2024-11-19,2.282114571113715,1.5570250222720654
2024-11-20,2.2784019409192675,1.562342271518014
2024-11-21,2.2839708862109385,1.5799865143771665
2024-11-22,2.2862912800824677,1.5928771722185193
2024-11-25,2.287393444953962,1.604639875588216
2024-11-26,2.3086253599232127,1.6042367216978026
2024-11-27,2.2933685258255987,1.6058482104318113
2024-11-29,2.3110035192492235,1.6096347269249058
2024-12-02,2.3310749706729204,1.6001279324985207
2024-12-03,2.344765561124735,1.5919908596749681
2024-12-04,2.37806316874622,1.5901377290128547
2024-12-05,2.3766128114891014,1.5838536616483438
2024-12-06,2.3945380541040104,1.5784556564212404
2024-12-09,2.3789332053606307,1.5686264640855967
2024-12-10,2.3724944011944085,1.5613757038055947
2024-12-11,2.412288933916317,1.5581528515406495
2024-12-12,2.3973804699441867,1.55146600589494
2024-12-13,2.401847428104224,1.5471153243614102
2024-12-16,2.430272119725567,1.5394616605971387
2024-12-17,2.421945007287331,1.5286910663664586
2024-12-18,2.3398354128896917,1.4882810238030482
2024-12-19,2.3400677188866346,1.483827049735484
2024-12-20,2.365327574561868,1.5025338910629396
2024-12-23,2.389252248409225,1.5048824502792033
2024-12-24,2.4199706729231063,1.5172725462404717
2024-12-26,2.4163705520600014,1.519863874212484
2024-12-27,2.381354733212467,1.510389006569346
2024-12-30,2.3529591909281544,1.4953264510456967
2024-12-31,2.3319380754327934,1.4992137560113945
