Date,growth_ret,value_ret
2020-01-03,-0.5120092924999299,-0.5326298072242155
2020-01-06,0.3671353071815574,0.0421711474292691
2020-01-07,-0.17765026636503853,-0.2517530250148231
2020-01-08,0.48788610997157944,0.1366550521962744
2020-01-09,0.4835529087402655,0.30756890402224024
2020-01-10,-0.1578284162825916,-0.31185705237087685
2020-01-13,0.5404984191382828,0.4011352858258642
2020-01-14,-0.27073925379575087,0.09677019695338979
2020-01-15,0.21213899763853475,-0.007818982450285242
2020-01-16,0.5560832758083086,0.5236603995043376
2020-01-17,0.20527825899968052,0.1175241447519533
2020-01-21,-0.07845263826024347,-0.3410581494006981
2020-01-22,0.0019994409116010354,0.0030683873925520994
2020-01-23,0.06830917644809496,0.0030350033193933153
2020-01-24,-0.6290064320649877,-0.6999539941701235
2020-01-27,-1.1625835677894547,-1.0912019982128431
2020-01-28,0.7614008317092134,0.5776644695188737
2020-01-29,0.09793213083395616,-0.34697047275794174
2020-01-30,0.08002146224860843,0.32057075127074813
2020-01-31,-1.184977733554733,-1.3682377052491246
2020-02-03,0.7233095928606972,0.3139588365568789
2020-02-04,1.2238596543038434,0.803542608337096
2020-02-05,0.2201923288026131,1.1404699180210323
2020-02-06,0.33969163630152976,-0.013337230211332781
2020-02-07,-0.31942110181201305,-0.49129831472950186
2020-02-10,0.6475756498862951,0.2342508722493584
2020-02-11,-0.005859437454391594,0.30452601602338036
2020-02-12,0.5078214249511174,0.24859626266045873
2020-02-13,-0.09431444342560857,-0.00793756155951745
2020-02-14,0.19008128623519085,-0.046116424431685406
2020-02-18,-0.0569781655948087,-0.39574530703466304
2020-02-19,0.4011021267092014,0.19439200130552553
2020-02-20,-0.44415173086230747,-0.007912578400711103
2020-02-21,-1.0647431672510577,-0.39095994753743485
2020-02-24,-2.423515816173803,-2.2453978531607426
2020-02-25,-2.0025306294401335,-2.417654163909891
2020-02-26,-0.03612883920966788,-0.8392739658100868
2020-02-27,-3.063279939664124,-3.2888803995534954
2020-02-28,0.002645365434963391,-0.9159167049373573
2020-03-02,2.845756835862553,2.745758038522647
2020-03-03,-2.024611631458795,-1.9889860193846811
2020-03-04,2.6937931333307237,2.930495091148508
2020-03-05,-2.2149175221417297,-2.66548451800369
2020-03-06,-1.0426741032902502,-1.4929392756427222
2020-03-09,-4.791104642038425,-7.049403159998719
2020-03-10,3.4057425360922617,3.287848221992434
2020-03-11,-3.1324143953395076,-4.18600572590478
2020-03-12,-6.2211638374536635,-7.994763457248119
2020-03-13,5.485917098933378,6.281777100597479
2020-03-16,-8.139146132339174,-9.410747912218298
2020-03-17,3.605413959299439,4.735524385028434
2020-03-18,-3.12450849517301,-5.3896842711266615
2020-03-19,0.25242455191184704,-0.15411846651209826
2020-03-20,-2.843349045461913,-3.1578158555153544
2020-03-23,-1.18558768881216,-3.470602575639385
2020-03-24,5.596542286814567,7.363175261888089
2020-03-25,0.4481211929270745,1.7239273332367802
2020-03-26,3.692337888955033,4.432917048273986
2020-03-27,-2.2720413847289063,-2.212348469837285
2020-03-30,2.1386585267853433,2.0890553399547414
2020-03-31,-0.9623156360387611,-1.4114077633246498
2020-04-01,-2.8856186407164546,-3.6557649379132093
2020-04-02,1.1541580596755026,1.7820883536965642
2020-04-03,-1.0488770482475136,-1.2501396856169344
2020-04-06,4.497807217517969,4.637433050103501
2020-04-07,-0.17674817361801262,0.4656400286246296
2020-04-08,1.927323256695748,2.9856042514007504
2020-04-09,0.5081554993675963,1.9129786725202285
2020-04-13,-0.22012957352859278,-1.6281685585350971
2020-04-14,2.409941929027265,1.4408220213407184
2020-04-15,-0.9045513914659109,-2.4870196414610306
2020-04-16,0.7207614706566827,-0.31895350757104507
2020-04-17,1.1014147997583246,2.8925617056005843
2020-04-20,-0.8790005330443738,-1.6064888192547657
2020-04-21,-2.3526086374569086,-1.9518247050343238
2020-04-22,1.6999700998953344,1.1709581127876676
2020-04-23,-0.11354857919352598,-0.02430894179642477
2020-04-24,0.9922352821473076,0.8634019581990178
2020-04-27,0.6657196743834488,1.7135186133412077
2020-04-28,-0.856270310211449,0.587266898034805
2020-04-29,1.829868536240671,1.7009520876456297
2020-04-30,-0.13679144314933087,-1.742736224435281
2020-05-01,-1.7582275250020252,-2.2887993956185997
2020-05-04,0.5027407391628326,-0.11605562974630693
2020-05-05,0.8217719567397576,0.30680247216699164
2020-05-06,0.024050620689285266,-1.2216848616920608
2020-05-07,0.7946206803694192,0.9548481237834449
2020-05-08,0.8131156456799181,1.7522576045116498
2020-05-11,0.44767361519295323,-0.7438171352339906
2020-05-12,-1.3431228973361173,-1.7469618677341907
2020-05-13,-1.015956330941217,-1.8600172551632639
2020-05-14,0.6362090454267768,1.0537304922033948
2020-05-15,0.47450487165209365,-0.060210319625645624
2020-05-18,1.4104249522097683,3.3283966904796003
2020-05-19,-0.4265410256335151,-1.2650713573825725
2020-05-20,1.0526615205908385,1.3332350023869015
2020-05-21,-0.45816968533291125,-0.4442053321896053
2020-05-22,0.21781140346109445,-0.058833786080976176
2020-05-26,0.07784293989574621,2.0463616104931575
2020-05-27,0.4891356707220896,1.6895352756865558
2020-05-28,0.06603404293536053,-0.4392290683247993
2020-05-29,0.47686272830720994,-0.11682219430831535
2020-06-01,0.36493834085691446,0.3779563783868232
2020-06-02,0.3623265002942014,0.7413278857788179
2020-06-03,0.5142819708884545,1.681589182630442
2020-06-04,-0.7327333585667094,0.40727453833296096
2020-06-05,1.375223300791314,2.1834847682535496
2020-06-08,0.5066717063445536,1.4184996187668755
2020-06-09,0.020347002090125764,-1.5224553474931168
2020-06-10,0.31810726104387277,-1.709871141668978
2020-06-11,-3.64783259794593,-5.090400341476469
2020-06-12,0.6098542107874549,1.2959457613578995
2020-06-15,0.6434066343877348,0.6417802436181699
2020-06-16,1.2767962059108555,1.2308599066809964
2020-06-17,-0.006143140012726733,-0.8063262789308677
2020-06-18,0.07514774253624254,-0.09642126435988137
2020-06-19,-0.18584847340216726,-0.6696465526989035
2020-06-22,0.6652882853459421,-0.07722923413145864
2020-06-23,0.4014479663192632,0.028611350538605855
2020-06-24,-1.615949495349343,-2.279774681992182
2020-06-25,0.6935299517394767,0.7754797434286136
2020-06-26,-1.5674920082670192,-1.7703380876624182
2020-06-29,0.6033259413112353,1.3567598173475783
2020-06-30,1.1134325103028961,0.8111479677999629
2020-07-01,0.8547504644721408,-0.1181761184862761
2020-07-02,0.2608675045073137,0.35712010546557676
2020-07-06,1.3086399338284298,0.7460299353545441
2020-07-07,-0.5170728180009374,-1.0822096895195443
2020-07-08,0.8392731445798638,0.20314908058201164
2020-07-09,0.22893741855741814,-1.161781263463079
2020-07-10,0.14493361263373533,1.353269546909776
2020-07-13,-1.361004542503608,-0.11091707371139174
2020-07-14,0.6814321876881628,1.0940054163607575
2020-07-15,0.24230930927342692,1.2716376270029628
2020-07-16,-0.5097267868534698,-0.08892100881573632
2020-07-17,0.17237009354341706,0.27881496460833505
2020-07-20,1.5544099013149815,-0.5150676390895579
2020-07-21,-0.6424079935841073,0.8900550980769967
2020-07-22,0.3511750422367818,0.40328593866066575
2020-07-23,-1.5014175406511394,-0.10708016607269427
2020-07-24,-0.4147918449066123,-0.715555536429205
2020-07-27,0.9143336543141213,0.07852351528665254
2020-07-28,-0.675069331520344,-0.26871009465916507
2020-07-29,0.8110680702038137,0.9803263822573579
2020-07-30,0.1628575794676905,-0.7909813059187784
2020-07-31,0.9721691603921501,-0.2687255354843239
2020-08-03,0.784185199894117,0.2201076518914827
2020-08-04,0.15334283173854843,0.32165654450327225
2020-08-05,0.33006945889210787,0.5361121446308275
2020-08-06,0.5521409953330374,0.09613795556592773
2020-08-07,-0.6757349844614288,0.7759456668369035
2020-08-10,-0.37422019257634237,0.6620369178013397
2020-08-11,-1.0086093045740594,-0.0988872676219389
2020-08-12,1.2890484911532514,0.4590803813345035
2020-08-13,0.285407227620922,-0.5014805884278665
2020-08-14,-0.16509040507609413,0.03162185231036344
2020-08-17,0.6135319157203638,-0.17356398265079281
2020-08-18,0.48452898125707633,-0.2924278060791054
2020-08-19,-0.3489370926108356,-0.37492198078837136
2020-08-20,0.6759730337837694,-0.3639589253566647
2020-08-21,0.28815838904250446,0.026106341509926446
2020-08-24,0.2600270943541681,1.0950047819086173
2020-08-25,0.44558377666492716,-0.0801989658532469
2020-08-26,1.2819280413009082,-0.17354644184394458
2020-08-27,-0.11783919238597908,0.5090646666625522
2020-08-28,0.29614583535504274,0.49304495381580193
2020-08-31,0.28870056871849703,-0.6591677939863776
2020-09-01,0.9596458818272763,0.2167048285562058
2020-09-02,0.6056748056116162,1.1754097895000648
2020-09-03,-3.2810363817246477,-1.6013268747392262
2020-09-04,-1.049650088962558,-0.12982528963699863
2020-09-08,-2.4856741433783656,-1.4345507523068821
2020-09-09,1.7469288237673755,0.8875275102256198
2020-09-10,-1.3185457544434482,-1.1452126501823972
2020-09-11,-0.3357064392613443,0.3995682843896641
2020-09-14,1.0186144656365912,1.0344101728893849
2020-09-15,0.6698377568984933,-0.08031288887639876
2020-09-16,-0.8619078577625666,0.45351411928733837
2020-09-17,-0.8968011417008205,-0.3528681555926761
2020-09-18,-0.7232670396657417,-0.7422309776030811
2020-09-21,0.0026999103314813244,-1.7692798103664138
2020-09-22,0.9788663231210813,0.18082469657589967
2020-09-23,-1.8235250395826368,-1.5731123270402325
2020-09-24,0.17757763557032885,0.1070788764931262
2020-09-25,1.3280553148362593,0.8371195981030233
2020-09-28,1.0337457385972948,1.1922315348645358
2020-09-29,-0.2112607679279947,-0.6076111188767566
2020-09-30,0.48239230689860235,0.5270595199245259
2020-10-01,0.7697268533494576,0.16069842542936327
2020-10-02,-1.3555573291895195,0.1920343512404359
2020-10-05,1.2098161048740887,1.1858763838253337
2020-10-06,-1.075222255019305,-0.7152685325773422
2020-10-07,1.1410366722399339,1.1652279848162086
2020-10-08,0.21131301639207337,0.9569298250541386
2020-10-09,0.9311529331660753,0.10434040867840601
2020-10-12,1.3801708113488125,0.5670942497315895
2020-10-13,-0.08853895305798581,-0.781164653513402
2020-10-14,-0.5584244775725385,-0.3378058033685123
2020-10-15,-0.39668074282994203,0.21555348377608935
2020-10-16,-0.31539153499078315,0.16578503944911566
2020-10-19,-1.0086695877454055,-1.1100517350853565
2020-10-20,0.12227581328349557,0.34140835274029874
2020-10-21,-0.20339683289337254,-0.33412530625951165
2020-10-22,-0.08715932016031258,1.0055329214188755
2020-10-23,0.27328259735338584,0.07975606780220079
2020-10-26,-1.0926807109308618,-1.5941237116989395
2020-10-27,0.2915529352337699,-0.9795636181563508
2020-10-28,-2.5112455023820606,-2.251487956695669
2020-10-29,0.7345112468479648,0.5532179049993695
2020-10-30,-1.541133803772692,-0.02430894179642477
2020-11-02,0.321965159456768,1.3719428317380873
2020-11-03,1.0917510230315806,1.3777082839617032
2020-11-04,2.7188395499992724,-0.04299098667159072
2020-11-05,1.4102483161829782,1.272905224364424
2020-11-06,0.01849896398939843,-0.13464156725376944
2020-11-09,-1.1654361454714899,3.040609063531891
2020-11-10,-0.9930823722782411,0.8364921256637334
2020-11-11,1.1520753590605035,-0.2517289278952555
2020-11-12,-0.42135018825243586,-1.0118671256790288
2020-11-13,0.44562122448789193,1.4348118343585028
2020-11-16,0.2947181310097778,1.3786472591580614
2020-11-17,-0.15694783212020685,-0.3440023811483661
2020-11-18,-0.6368200003014928,-0.9047268784606984
2020-11-19,0.38211566631120775,0.18955917564949148
2020-11-20,-0.4003230471769177,-0.34822696620596655
2020-11-23,-0.02343584983837252,1.000491727601152
2020-11-24,0.6227281269337006,1.5712575683492545
2020-11-25,0.26170511678704667,-0.507355320467241
2020-11-27,0.4619633199564784,-0.08064583354905909
2020-11-30,0.09343720997783318,-0.8293156188765164
2020-12-01,0.6008582539154774,0.6734775720223818
2020-12-02,-0.203954094904673,0.3643223434141878
2020-12-03,-0.04625267491504405,0.13282238425385262
2020-12-04,0.37076303404911537,0.9338347220768687
2020-12-07,0.17911730346758967,-0.446174532794297
2020-12-08,0.194736104955535,0.23684027222627238
2020-12-09,-1.162777782700486,-0.16864824908867718
2020-12-10,0.15644072054793162,-0.10774082730461013
2020-12-11,-0.1377899814710294,-0.1746686025969432
2020-12-14,0.16032268038516476,-0.7863409689933677
2020-12-15,0.7006666657546722,1.1097431489887526
2020-12-16,0.3036179603364547,-0.2251821776524392
2020-12-17,0.5533862146537418,0.34910274864761864
2020-12-18,-0.10021824179647924,-0.3586065508367578
2020-12-21,-0.08672080990378922,-0.4049977117875295
2020-12-22,0.2506596735116662,-0.45207262844884477
2020-12-23,-0.46757234144048904,0.5436200403438535
2020-12-24,0.2593481961041448,0.18826996113255115
2020-12-28,0.48841654948677193,0.15984756693900895
2020-12-29,-0.17737090062257246,-0.23638765088378602
2020-12-30,-0.08638969432308762,0.33805302630007733
2020-12-31,0.10391199726830987,0.5574013311860824
2021-01-04,-0.9599861967330958,-1.0466548569425138
2021-01-05,0.2923069357470059,0.6218326035999115
2021-01-06,-0.7659101296869582,1.8437099660969396
2021-01-07,1.4067321963711719,0.6329030990378096
2021-01-08,0.6207181674791256,0.023983392185301242
2021-01-11,-0.8226009290261174,0.03459939872690955
2021-01-12,-0.18005733832230272,0.33905978065149067
2021-01-13,0.26676103746943347,-0.09365420744720343
2021-01-14,-0.627737414019587,0.2579466533905793
2021-01-15,-0.39172078411022715,-0.7453188750493709
2021-01-19,0.6966477861131113,0.30767084828691454
2021-01-20,1.3149364213615313,0.32751168358623595
2021-01-21,0.3144972926338508,-0.48305541575943023
2021-01-22,-0.07215388477961639,-0.43205152312611717
2021-01-25,0.42666506083430317,-0.0996751410887238
2021-01-26,-0.11597727759364644,-0.36973344881263154
2021-01-27,-1.6754924526648425,-2.0139917413676707
2021-01-28,0.30898206992364907,1.0510536746168098
2021-01-29,-1.3731835401621695,-1.3333029600404271
2021-02-01,1.3073692903675453,0.7682137269394171
2021-02-02,1.0229344529596547,1.0431833019444587
2021-02-03,-0.19177302734408397,0.2849020997604484
2021-02-04,0.6379302282551509,0.9385234164072823
2021-02-05,0.21887908671487874,0.37548899579476197
2021-02-08,0.3378489078331472,0.8005894807059706
2021-02-09,-0.07920918260316082,-0.008561464468205127
2021-02-10,-0.15078435314485758,0.08601593597141052
2021-02-11,0.20920656764947612,0.02819933373378991
2021-02-12,0.29189297131071307,0.41509708582108956
2021-02-16,-0.34829050033962017,0.10077083226281403
2021-02-17,-0.22450732581758198,0.043354320702479514
2021-02-18,-0.26342660383693,-0.4416865581931794
2021-02-19,-0.4340957149990161,0.3722449546701758
2021-02-22,-1.434777223504787,0.27176650864262186
2021-02-23,-0.22017655909951528,0.2240748205262324
2021-02-24,0.38819284887409156,1.052964004386037
2021-02-25,-2.0605412487731893,-1.5004651144199648
2021-02-26,0.1483997848973529,-0.9230137922044636
2021-03-01,1.6451492255575317,1.6752240321053102
2021-03-02,-0.8769329753918045,-0.29719437943773824
2021-03-03,-1.8200070589545252,-0.20504367394917616
2021-03-04,-1.189615050574173,-0.8979374132836869
2021-03-05,0.9135068724292502,1.6260228158382042
2021-03-08,-1.4450294154916963,0.597411397628511
2021-03-09,2.040808275708583,-0.07001428208333374
2021-03-10,-0.11142167823190838,0.9595063550069409
2021-03-11,1.2994434797920977,0.21092190497703334
2021-03-12,-0.4013694913105119,0.617570559530185
2021-03-15,0.5643020428223583,0.3217265567375293
2021-03-16,0.13668329827582984,-0.5439673857532543
2021-03-17,0.019994073157421136,0.36206895415736806
2021-03-18,-1.703381219413077,-0.6095725251720305
2021-03-19,0.1433773033352446,-0.31865601818833045
2021-03-22,0.9094313100600332,-0.03431177710873339
2021-03-23,-0.2650145890537872,-1.1018043893471483
2021-03-24,-0.950844379031636,-0.01924391343264077
2021-03-25,-0.08911459877818466,0.8937458609272352
2021-03-26,0.9863355769619974,1.217946395523779
2021-03-29,-0.09965842398550488,-0.35160351445340876
2021-03-30,-0.3654918914440112,0.11472898828492041
2021-03-31,0.7904419909753643,-0.3075940649993852
2021-04-01,0.9683203120711653,0.6251598455701449
2021-04-05,1.0632891553652066,0.6391872897469546
2021-04-06,0.00020658319882344662,0.029489754183297003
2021-04-07,0.10529445018406974,-0.17606412673637778
2021-04-08,0.6446611063502915,0.009994783795410182
2021-04-09,0.5093189483758409,0.3421245660584923
2021-04-12,-0.005789731331207586,0.034142982743105406
2021-04-13,0.6212741190071391,-0.24377210151170614
2021-04-14,-0.708224117057356,0.24869607800165827
2021-04-15,0.9931377891048305,0.37853675136285136
2021-04-16,0.03311391536272036,0.34749526915054596
2021-04-19,-0.564063151722885,-0.28001631291296664
2021-04-20,-0.4304221320592628,-0.7186430187300038
2021-04-21,0.4827095803689521,0.8148592822789917
2021-04-22,-0.6022361697539788,-0.5665186009415492
2021-04-23,0.7779953263917216,0.7105975271948729
2021-04-26,0.2994517150793179,0.014193875949824793
2021-04-27,-0.22827042613374235,0.11020043683828315
2021-04-28,-0.23622967145454737,0.10039540685512531
2021-04-29,0.09003213071167672,0.6056828758867243
2021-04-30,-0.43736432435086037,-0.6063886874635326
2021-05-03,-0.2874534464944253,0.4579037379210666
2021-05-04,-1.0084724064682118,0.04229170794854153
2021-05-05,-0.3505452464109736,0.23675476909054483
2021-05-06,0.2939806374497646,0.593861708730319
2021-05-07,0.43556089695310846,0.5469075718955831
2021-05-10,-1.3425861233110892,-0.1083344787841006
2021-05-11,-0.2925659516822758,-0.9971122656268413
2021-05-12,-1.6772193591631224,-1.4954175506178218
2021-05-13,0.5423258291774078,1.0293990198665282
2021-05-14,1.1560902619363425,0.9632657190434669
2021-05-17,-0.3496574297325156,-0.09947453638901274
2021-05-18,-0.40555985615056356,-0.7182540955701037
2021-05-19,-0.05126504327482328,-0.46666380053457834
2021-05-20,1.0471014804690013,0.38009931674561276
2021-05-21,-0.34770473286721204,0.2503942092004927
2021-05-24,0.8447140818460138,0.40940295118998205
2021-05-25,0.04238804634159322,-0.4438511648797459
2021-05-26,0.13550112138230763,0.1928178907724653
2021-05-27,-0.3361299958115555,0.37997250874097827
2021-05-28,0.1811840297020516,0.055329893753255054
2021-06-01,-0.3693670599649768,0.2328243805590881
2021-06-02,0.08809224734304685,0.045676413339041474
2021-06-03,-0.5866247350897685,-0.09429429693189507
2021-06-04,0.8475190287407285,0.3109591378265203
2021-06-07,0.15480525934633402,-0.27096368145071403
2021-06-08,0.08422728048536801,-0.005662258617154346
2021-06-09,-0.03848690863191645,-0.34654748819704245
2021-06-10,0.6444253537338668,-0.07366611084419468
2021-06-11,0.09512735722101245,0.17755719764395358
2021-06-14,0.5397306796623174,-0.41444506070970183
2021-06-15,-0.4021325207241602,0.04634735892793103
2021-06-16,-0.31255987824210313,-0.515522755706507
2021-06-17,0.7531040942800062,-0.9732368750726056
2021-06-18,-0.4552854600270546,-1.453386374029201
2021-06-21,0.4806050619270277,1.4383392295196689
2021-06-22,0.6069552866803011,0.06675460043261354
2021-06-23,-0.04831187882863658,-0.14414762672011716
2021-06-24,0.2793075789083777,0.49212250985133504
2021-06-25,0.06696217015791169,0.43181722883207074
2021-06-28,0.47495427311016647,-0.3518716921175444
2021-06-29,0.17505964708949295,-0.2673201679243477
2021-06-30,-0.2049292323793024,0.22347255860286805
2021-07-01,0.16540386858545106,0.49716127740600924
2021-07-02,0.6635753950725105,0.13616403531283036
2021-07-06,0.3094794428227774,-0.7205401685473423
2021-07-07,0.16366751700045498,0.15154792898111827
2021-07-08,-0.4864881755595558,-0.7972811632964358
2021-07-09,0.47385624055858583,1.0849530343601352
2021-07-12,0.07014783022073684,0.27283868888194995
2021-07-13,-0.13619150842598063,-0.5960580721797607
2021-07-14,0.042290756009961496,-0.16198928490749961
2021-07-15,-0.4316076529799505,-0.10036973969860447
2021-07-16,-0.4738433194731301,-0.5828892145844359
2021-07-19,-0.7418819156763165,-1.4025493935818445
2021-07-20,0.9662940258631529,1.190824282178869
2021-07-21,0.42194361414233056,0.6640556172745584
2021-07-22,0.3817545029103802,-0.25781606484934627
2021-07-23,0.8532246503363634,0.3945740088453275
2021-07-26,-0.025305262380718663,0.24578181746059705
2021-07-27,-0.6641697087435955,-0.014839412900528823
2021-07-28,0.0870848334097289,-0.08583498459778299
2021-07-29,0.06626564844409573,0.4663677386432064
2021-07-30,-0.47208449386383844,-0.2550927553923626
2021-08-02,-0.13321224390518752,-0.213223126224688
2021-08-03,0.3834341637079808,0.6020068973931668
2021-08-04,0.009124599982322446,-0.7641975823968588
2021-08-05,0.3961920502461946,0.4195734927678316
2021-08-06,-0.2914143123787014,0.4777741916205632
2021-08-09,-0.045768243827366745,-0.16475805302332286
2021-08-10,-0.3312765010744831,0.41953727337379804
2021-08-11,-0.13970670527602788,0.44472945780462103
2021-08-12,0.29268866567088536,0.05896952815868081
2021-08-13,0.10688229128816923,-0.01967993628469553
2021-08-16,0.0951742242977468,-0.01043897876809447
2021-08-17,-0.6434099748713198,-0.39507560632102245
2021-08-18,-0.6421355672964715,-0.8605408803315008
2021-08-19,0.15976818472958407,-0.25957311160528895
2021-08-20,0.6400599365773009,0.42672590070315014
2021-08-23,0.7749760213307872,0.4380212306150171
2021-08-24,0.10055402724092506,0.21276745703554575
2021-08-25,0.06207464075422386,0.2536424543007739
2021-08-26,-0.4216022237174467,-0.48350018203784767
2021-08-27,0.5877542216713746,0.6242436729277858
2021-08-30,0.6214683023031254,-0.22294396595212565
2021-08-31,-0.22515771290992784,-0.061292044052981255
2021-09-01,0.12049948509307752,-0.04283034126169097
2021-09-02,-0.05454771225358092,0.44627085288511364
2021-09-03,0.1973574746981863,-0.2915255451485098
2021-09-07,-0.07436072125495956,-0.6546534558325573
2021-09-08,-0.23569660997435135,-0.06621409456482705
2021-09-09,-0.2917994694630922,-0.34629773375051465
2021-09-10,-0.551963429470518,-0.6017736237474003
2021-09-13,-0.1577567537291433,0.4314511916378088
2021-09-14,-0.18716724146018388,-0.7302431139516916
2021-09-15,0.46478378074937576,0.6722695648353287
2021-09-16,0.03900259040190006,-0.29651932994119284
2021-09-17,-0.7917637777933036,-0.46757330598321867
2021-09-20,-1.2742394312444534,-1.1680193752951433
2021-09-21,0.12171016693211552,-0.2406765228223443
2021-09-22,0.5584820509491759,0.7231709876911488
2021-09-23,0.6001737385838062,1.0268388171888116
2021-09-24,0.02130386277677023,0.07156614007196878
2021-09-27,-0.5989859576905305,0.23954077056224307
2021-09-28,-1.902464397049216,-0.9661436253396347
2021-09-29,-0.10184003390620845,0.21819406168587574
2021-09-30,-0.5642273527275059,-1.1916617493851671
2021-10-01,0.6429237689736034,0.9528898109857664
2021-10-04,-1.4522451608501452,-0.37731481096203223
2021-10-05,0.7777241927468505,0.5093389669883256
2021-10-06,0.3761024504744553,0.1653910155936574
2021-10-07,0.6351896472810802,0.5794683082893946
2021-10-08,-0.3238512403548443,-0.04781045568292425
2021-10-11,-0.4441032833591828,-0.6377595022417276
2021-10-12,-0.05982727371528063,-0.133364357769399
2021-10-13,0.41993230267249304,0.0515648878970146
2021-10-14,1.0539323391824966,1.1608606473072887
2021-10-15,0.47457801657926607,0.4408911897000193
2021-10-18,0.5534271109342398,-0.23329570335673588
2021-10-19,0.42122447770236354,0.5640204271219234
2021-10-20,-0.12812763998719112,0.669255011961759
2021-10-21,0.4361928755400146,-0.11122082432685901
2021-10-22,-0.3672945751716124,0.14030208977049713
2021-10-25,0.481380967819915,0.11713135210350575
2021-10-26,0.05127780913358679,-0.04253372161826312
2021-10-27,-0.021436310171583355,-1.0666011755598828
2021-10-28,0.6768115466588298,0.6614450350011661
2021-10-29,0.29312420204062667,-0.09763561900240558
2021-11-01,-0.04781326450789898,0.3599295581495921
2021-11-02,0.1965076245979175,0.18984923209093857
2021-11-03,0.4680773864167888,0.3523709256080766
2021-11-04,0.6655541828620031,-0.34187637655138103
2021-11-05,0.026363241001134942,0.3385217034389492
2021-11-08,0.009376681774828727,0.13839180513249966
2021-11-09,-0.3591423987565202,-0.0965795667908091
2021-11-10,-0.991287258025693,-0.25513974019059166
2021-11-11,0.05344910511178339,-0.02430894179642477
2021-11-12,0.7287652593405108,0.20199844464676212
2021-11-15,-0.09240141892826123,0.034429521066636694
2021-11-16,0.5791671000758309,-0.14633642227239696
2021-11-17,-0.17850731013360954,-0.37794032684937073
2021-11-18,0.45725179288787865,-0.34764424860839166
2021-11-19,0.18454773557078172,-0.6935761713775453
2021-11-22,-0.8546438271992837,0.30190066296462026
2021-11-23,-0.35722072027454793,0.4783065466223675
2021-11-24,0.363265092042733,-0.0561799892821161
2021-11-26,-1.4805548420970636,-1.7338562520766143
2021-11-29,1.1630062338098446,0.2733652520011204
2021-11-30,-1.0408478809276271,-1.8473284432494548
2021-12-01,-1.2491837182812406,-0.7650686453448072
2021-12-02,0.6653035406722714,1.5911763351973893
2021-12-03,-1.1305274367877964,-0.2078683593951718
2021-12-06,0.547176324128671,1.0146482592271289
2021-12-07,1.8284307752158164,0.9133620029747213
2021-12-08,0.37133655324057047,0.03076331537387012
2021-12-09,-0.8202223574686387,-0.30004262721861885
2021-12-10,0.5875563025184467,0.32935611310183455
2021-12-13,-0.8356795581937643,-0.35361337493861156
2021-12-14,-0.8305431690252467,-0.16313438355475607
2021-12-15,1.3069435824652615,0.6396379635117456
2021-12-16,-1.4959674723079015,0.30090522056691044
2021-12-17,-0.3418458215489482,-0.9625364188927523
2021-12-20,-0.8386384832537342,-0.8432624357029833
2021-12-21,1.4335614243823163,1.0948567250614987
2021-12-22,0.7615166793852974,0.4398385582582531
2021-12-23,0.4686241120039427,0.39598450268101476
2021-12-27,0.9165935542523009,0.7868195944763003
2021-12-28,-0.32558622425332895,0.10179997842882227
2021-12-29,-0.009974675048893482,0.14647715763851318
2021-12-30,-0.2930603640379211,-0.07371778284798954
2021-12-31,-0.37002459622247863,-0.042285832599657035
2022-01-03,0.4174137025672014,0.24035245071201336
2022-01-04,-0.715917854200068,0.635508887194601
2022-01-05,-2.1367261388592467,-0.6886188120585116
2022-01-06,-0.22319877656125145,0.12330967216638294
2022-01-07,-0.7585926847026575,0.16319458527514474
2022-01-10,-0.08120821953168314,-0.14031047149458556
2022-01-11,0.6896150946170256,0.584908079515375
2022-01-12,0.16697520946449976,0.03768006459860648
2022-01-13,-1.6723909419553649,-0.3347206216242067
2022-01-14,0.12015812307045978,-0.14883496606767688
2022-01-18,-1.5542574782341199,-1.1317886552618268
2022-01-19,-0.7439462600248685,-0.6912337537665775
2022-01-20,-0.8500929793242962,-0.743189635021102
2022-01-21,-1.750175218662863,-1.0852648157843463
2022-01-24,0.4699369289710687,0.10156804436694555
2022-01-25,-1.5081118708134602,-0.32769321835414733
2022-01-26,-0.011691293581002307,-0.5404992543701774
2022-01-27,-0.598056976373275,-0.24593655441942108
2022-01-28,2.18724217079409,1.077445448814401
2022-01-31,1.8219411544690367,0.8180032079130816
2022-02-01,0.45648290607751235,0.5214316517691525
2022-02-02,0.3979422206529336,0.58096974442692
2022-02-03,-2.4468156131031957,-0.8354951223558293
2022-02-04,0.7302397934183852,-0.0013983802422650434
2022-02-07,-0.48446978234661303,0.048926538777612875
2022-02-08,0.626197528357623,0.48647844758145115
2022-02-09,1.2182732709680895,0.8209070089128154
2022-02-10,-1.3658182678555866,-1.042440094136588
2022-02-11,-1.9602165268809673,-0.8487914605565695
2022-02-14,0.004529482217992651,-0.5975700630576736
2022-02-15,1.3971712267521517,0.8385453860702089
2022-02-16,-0.0763259313078186,0.108624434758475
2022-02-17,-1.9306621526158871,-1.201311868376972
2022-02-18,-0.7436235477381965,-0.35533288174399535
2022-02-22,-0.9096610237894174,-0.6624324955522021
2022-02-23,-1.6386253067845238,-0.9631194284389138
2022-02-24,2.0108395620390627,0.07107115576045249
2022-02-25,1.0395223819769503,2.0854149888091325
2022-02-28,0.10388606656345917,-0.42853477730224443
2022-03-01,-1.0038389663775276,-1.198014895366856
2022-03-02,1.0085384977500134,1.4469565620908162
2022-03-03,-0.9706936503305358,0.03136880685001775
2022-03-04,-1.0089970493749176,-0.3030252294903297
2022-03-07,-2.6179840628106277,-1.7710079402532262
2022-03-08,-0.40605846649495436,-0.6364247789419745
2022-03-09,2.3353166363505853,1.3130475506831736
2022-03-10,-0.5536523648349118,-0.10455219328020947
2022-03-11,-1.3174888922714112,-0.6264341348249969
2022-03-14,-1.1308217657330235,-0.10527367255421627
2022-03-15,1.9205619278054196,0.9180644274766865
2022-03-16,2.0397634678889593,1.166328771781704
2022-03-17,0.7965833473953257,0.8645269117470826
2022-03-18,1.334368268704462,0.24073087572647558
2022-03-21,-0.2552002339189275,0.1261275164427453
2022-03-22,1.0598132066609,0.4522458543556133
2022-03-23,-0.9778013914981116,-0.8980540703650629
2022-03-24,1.1527842322902422,0.7312910401519592
2022-03-25,-0.12530157630819,0.6913116055686807
2022-03-28,0.9362724393365237,-0.0738874887241263
2022-03-29,1.1029323556651627,0.698457165071852
2022-03-30,-0.7810591400377972,-0.22114885465870626
2022-03-31,-1.0285967120455064,-1.1389547715089254
2022-04-01,0.10050543961694679,0.27514468340015613
2022-04-04,1.096892905790857,-0.1421386508994422
2022-04-05,-1.2975903114539107,-0.5476922646510772
2022-04-06,-1.4909821493768272,0.02593685041935569
2022-04-07,0.18422862378051064,0.30811674189576393
2022-04-08,-0.7434272518809109,0.3835075658535859
2022-04-11,-1.5278379208667257,-0.7417456057979963
2022-04-12,-0.2741514238111262,-0.2619454150776217
2022-04-13,1.0509903420727043,0.5547421147030606
2022-04-14,-1.3028385491676813,-0.4387748445711322
2022-04-18,-0.12733001455124887,-0.10652669971044014
2022-04-19,1.3118112822977657,0.961303064582478
2022-04-20,-0.6455692640094894,0.5107793530095928
2022-04-21,-1.2821754479483731,-1.0029186420649412
2022-04-22,-1.9459994316235951,-2.0158131039493203
2022-04-25,0.788515700278635,-0.0010127305964960605
2022-04-26,-2.538173886946741,-1.5729491909155935
2022-04-27,0.18472252934482425,0.023242824880345365
2022-04-28,2.126891184415939,1.1546119607791179
2022-04-29,-2.9379332771220303,-2.3236482028928425
2022-05-02,0.7983313753176234,0.00946017885872518
2022-05-03,-0.012112053289022548,0.623836052528621
2022-05-04,2.003140709416195,1.933920152681145
2022-05-05,-3.247210709013939,-1.9061043693105932
2022-05-06,-0.7763353006688636,-0.23951303357553638
2022-05-09,-2.7293557328153724,-2.161541765970838
2022-05-10,0.4481863229568194,-0.26118720873495094
2022-05-11,-1.9297746330156502,-0.49029927239503246
2022-05-12,-0.12951345433627856,0.08501672651223975
2022-05-13,2.2037912067422933,1.2802669812444045
2022-05-16,-0.7792264552001532,0.03422655359966894
2022-05-17,1.4663065747905437,1.2666876188990472
2022-05-18,-3.1882640079686904,-2.499873862923043
2022-05-19,-0.26810562602637367,-0.48143803924222167
2022-05-20,-0.17052736381570296,0.1747743524169993
2022-05-23,1.0854497090943829,1.3011727915636295
2022-05-24,-1.354758699988495,0.05381818737619483
2022-05-25,0.8632063750342795,0.4959707476140612
2022-05-26,1.6351715804881388,1.0820865112401277
2022-05-27,2.068736912072812,1.333873182141329
2022-05-31,-0.39211489065063443,-0.6648648500243131
2022-06-01,-0.5576616137369949,-0.5940776971562561
2022-06-02,1.7691272638982676,0.8569803143424907
2022-06-03,-1.5807860914344671,-0.7437382629559655
2022-06-06,0.21710480562857287,0.12774668887735985
2022-06-07,0.5604883684215883,0.8017094071375637
2022-06-08,-0.5580931629445166,-1.002382921404183
2022-06-09,-1.7732426218928188,-1.7075306593049229
2022-06-10,-2.4912093440362586,-1.7629242817754016
2022-06-13,-2.9616543097580372,-2.787443708482647
2022-06-14,0.010942002093756892,-0.5600437704050228
2022-06-15,1.4146287506648725,0.5476966510585809
2022-06-16,-2.623340847229977,-2.2160961506789363
2022-06-17,0.562496258560861,-0.29142827171830754
2022-06-21,1.5778805896724801,1.705831895570426
2022-06-22,-0.06426205650596654,-0.14996047007425595
2022-06-23,1.0759425928837951,0.2946233156910945
2022-06-24,2.293879370885866,1.9784419656698824
2022-06-27,-0.49855079755969317,-0.014167489004763988
2022-06-28,-1.9053102315229247,-0.990595074880144
2022-06-29,0.07029159697995922,-0.375023807062373
2022-06-30,-0.8529115761930278,-0.5430314643765514
2022-07-01,0.6376023566726912,0.9119892064547074
2022-07-05,0.7748096143502259,-0.46772099894439295
2022-07-06,0.26432904303369725,-0.09157236384097907
2022-07-07,1.1703818314458807,0.9578731089244744
2022-07-08,0.004386491789461335,-0.21358391114765374
2022-07-11,-1.130395242424259,-0.6414299280284127
2022-07-12,-0.8440363590788278,-0.4177955229340089
2022-07-13,-0.24954315915811245,-0.48768860939507747
2022-07-14,0.06981822317773097,-0.7960063475494092
2022-07-15,1.0812733005667912,1.5577448442785458
2022-07-18,-0.6624046467875526,-0.3920546508744815
2022-07-19,1.8237473571961558,1.918325122489492
2022-07-20,0.6935260662187079,0.23333802070263063
2022-07-21,0.8545093062464058,0.3931166515083513
2022-07-22,-0.9165766000417351,-0.48712324682211844
2022-07-25,-0.23172237565300968,0.3079748893175928
2022-07-26,-1.212834801326997,-0.54859331500836
2022-07-27,2.222677855488823,1.2398932654290389
2022-07-28,0.9813511129397243,0.708391818523021
2022-07-29,1.1736450619396877,0.647664920676587
2022-08-01,-0.19635230229312298,-0.21500387162582751
2022-08-02,-0.32379942799569666,-0.5746001685495944
2022-08-03,1.3305568713226925,0.7557295259871656
2022-08-04,0.15339467138919177,-0.3814197371277054
2022-08-05,-0.2403446694394099,0.12753740536276204
2022-08-08,-0.19933139028039135,0.13212302017100694
2022-08-09,-0.6286886841953948,-0.0976050162511672
2022-08-10,1.6121130584668266,1.3466177457669655
2022-08-11,-0.3511676740382697,0.31097493518693736
2022-08-12,1.186138290745326,1.095245392090315
2022-08-15,0.3336786339626492,0.08391021249353674
2022-08-16,-0.03846822432449819,0.2900813723924984
2022-08-17,-0.5467894771009517,-0.6827256355435337
2022-08-18,0.11044999661547068,0.16910302640977543
2022-08-19,-1.1236285420569916,-0.8914774590922168
2022-08-22,-1.5709762641485474,-1.4580807492939203
2022-08-23,-0.1748290167102235,-0.16530532461773934
2022-08-24,0.12198339759334396,0.3107268319396674
2022-08-25,0.9611155820531504,0.9958842665161779
2022-08-26,-2.547312098046288,-2.2113991555783485
2022-08-29,-0.6503395784999627,-0.3151730632641587
2022-08-30,-0.7327508256428849,-0.9186542585920092
2022-08-31,-0.5742875098343888,-0.5308494131114714
2022-09-01,-0.032431893474284997,0.1616424265676081
2022-09-02,-0.8184710384314409,-0.6543705206420033
2022-09-06,-0.27303593997851244,-0.33369332555732734
2022-09-07,1.1953591894291726,1.2656854111315237
2022-09-08,0.30772663684959267,0.6868098089242048
2022-09-09,1.1842834596911178,1.022604202575741
2022-09-12,0.7463318812839628,0.641492206124725
2022-09-13,-3.2624283040037083,-2.8539189439633357
2022-09-14,0.31514334104078695,0.09616073278989029
2022-09-15,-0.9957918348835991,-0.5325639799173484
2022-09-16,-0.6228121621308824,-0.7447144478214515
2022-09-19,0.4964648704981112,0.4584126826647442
2022-09-20,-0.651587979451412,-1.1212214543367607
2022-09-21,-1.1729536652618073,-1.288815983955551
2022-09-22,-0.7910236192060154,-0.712040208053534
2022-09-23,-1.0429681648758722,-1.4887540318702794
2022-09-26,-0.4760174153145599,-1.1735803283314528
2022-09-27,0.004496355402627623,-0.3382300727057585
2022-09-28,1.0854874391006881,1.6837030696688347
2022-09-29,-1.5692785542528795,-1.336000448221607
2022-09-30,-1.1475298689915054,-0.824624666679342
2022-10-03,1.4664075750174386,2.0229328213314917
2022-10-04,1.9482294804856464,2.325664940209911
2022-10-05,-0.08125850908514488,-0.2917567904160399
2022-10-06,-0.5103302959906645,-0.8801879850467369
2022-10-07,-2.311390082740972,-1.7276822253880686
2022-10-10,-0.6774650477094751,-0.4931244644227014
2022-10-11,-0.6775879187167604,-0.3366698053800778
2022-10-12,-0.13634307763137105,-0.3765859513012089
2022-10-13,1.3599474063139316,2.043509812439728
2022-10-14,-1.8570993217634482,-1.4274898229441466
2022-10-17,1.9608474032874046,1.5771983286185869
2022-10-18,0.6807925036796435,0.9755341264797242
2022-10-19,-0.49331388961947614,-0.7249453638842198
2022-10-20,-0.4904114145318282,-0.7368573847614835
2022-10-21,1.5044845153496857,1.6314888891424275
2022-10-24,0.7065636772672664,0.7458604633217703
2022-10-25,1.2047527765056578,1.1446675629361438
2022-10-26,-1.1485732216336997,0.2165478244997348
2022-10-27,-0.5796576780870849,-0.11645814483999054
2022-10-28,1.4599760454953132,1.5772612429543615
2022-10-31,-0.6093209054750116,-0.39127265014261536
2022-11-01,-0.6582577451824262,0.13676433382942035
2022-11-02,-2.150148646356587,-1.4866141805478652
2022-11-03,-1.110863021430659,-0.33254692662432167
2022-11-04,0.6142933879967326,1.0896868698954818
2022-11-07,0.6227404942673014,0.6121139362663847
2022-11-08,0.33200804755506474,0.3420121638434368
2022-11-09,-1.6108585053059392,-1.4135657445428236
2022-11-10,4.328436162913029,3.219068229074236
2022-11-11,0.9045021343995108,0.5061671718196673
2022-11-14,-0.7995996033899956,-0.6085451055384472
2022-11-15,0.7211231338916922,0.5259696851954806
2022-11-16,-0.6538510232576742,-0.6283700998278354
2022-11-17,-0.346544350156545,-0.28888391283300985
2022-11-18,0.08535586700236406,0.46979801812687705
2022-11-21,-0.5834314670843924,-0.02918315348004011
2022-11-22,0.8615436252568438,0.9591697623441969
2022-11-23,0.5735639391453238,0.21117596030508226
2022-11-25,-0.20423533430338836,0.19133099271968942
2022-11-28,-1.0739567544566477,-1.244657801634579
2022-11-29,-0.4637697045842224,0.21843790804286403
2022-11-30,2.5437764181488083,1.5632541848572092
2022-12-01,0.03417222667905665,-0.033813059606368566
2022-12-02,-0.1960790498608729,-0.08128953910625918
2022-12-05,-1.2265443308124002,-1.5017719645425922
2022-12-06,-1.214037507361576,-0.9062465090169013
2022-12-07,-0.2917367140355075,-0.06353546344634156
2022-12-08,0.6869970859890073,0.3767303295627659
2022-12-09,-0.5285861204959164,-0.5922669032013899
2022-12-12,0.9089264100915129,1.0104522439771477
2022-12-13,0.5492181086223286,0.46437079080583893
2022-12-14,-0.456546656513861,-0.3789399621093026
2022-12-15,-2.0146501055564396,-1.5541436441213954
2022-12-16,-0.8295584684205438,-0.8788941835699028
2022-12-19,-0.8782610334498657,-0.5235142068996903
2022-12-20,-0.04947440443644677,0.213106442264166
2022-12-21,0.9777488838424133,1.0373740896693413
2022-12-22,-1.2811337194027366,-0.7287625431576013
2022-12-23,0.19096103161366132,0.5058966490918937
2022-12-27,-0.6644806222174183,0.07031901997449394
2022-12-28,-0.8972612436245277,-0.890477100560345
2022-12-29,1.3442498103529268,1.0506549604571658
2022-12-30,-0.22397090878320713,-0.19825857361322932
2023-01-03,-0.5333781562888628,-0.04916990551214362
2023-01-04,0.1837944603867804,0.8565052275332615
2023-01-05,-1.095598550397893,-0.572379154550665
2023-01-06,1.4698079326960132,1.5256204557602826
2023-01-09,0.2920252713458567,-0.33077747208847336
2023-01-10,0.432817072474069,0.519674230590321
2023-01-11,1.088384827863993,0.6358198158061902
2023-01-12,0.23279534568687466,0.3298702382036358
2023-01-13,0.3095791869406731,0.19026564929677
2023-01-17,0.05745285282308328,-0.39182127210543904
2023-01-18,-0.8874721416337249,-1.376058803784864
2023-01-19,-0.6182425639023615,-0.5277084934112424
2023-01-20,1.4962014100678096,1.0275236582395446
2023-01-23,0.9780319443970491,0.711987006249477
2023-01-24,-0.1908476476995615,-0.10578200371795726
2023-01-25,-0.11445261065371234,0.12894515591597677
2023-01-26,0.8731618739022986,0.5571635785398089
2023-01-27,0.4391886325425914,-0.08607576969422695
2023-01-30,-1.1282383894576538,-0.7596015361896401
2023-01-31,1.007933031492547,1.0144680814195437
2023-02-01,1.0758665927692241,0.42395341619804117
2023-02-02,1.503959691530486,0.5194432815688858
2023-02-03,-0.9355397741787806,-0.6622143409243011
2023-02-06,-0.5350588128916698,-0.47785469703591094
2023-02-07,1.0111158054779388,0.6737729997717276
2023-02-08,-0.8694654963030988,-0.6939637924056439
2023-02-09,-0.5261371488970572,-0.8482706167998184
2023-02-10,-0.3012664703585565,0.4768527969834266
2023-02-13,0.8733241082536845,0.6529251912376832
2023-02-14,0.22958040438880592,-0.25569282923858616
2023-02-15,0.41352611348681184,0.15989490284767072
2023-02-16,-1.2057567122558277,-0.7781584801854066
2023-02-17,-0.40724088103766803,-0.0958150933763904
2023-02-21,-1.5390771181708995,-1.40573590807447
2023-02-22,0.009836075622992328,-0.19451420672036074
2023-02-23,0.4928279676029369,0.1313256864939699
2023-02-24,-1.052722867002156,-0.49217914424580433
2023-02-27,0.3649334945840851,-0.04386170919972799
2023-02-28,-0.2009047926719556,-0.25938557411394036
2023-03-01,-0.4302154125981902,-0.1716382243934719
2023-03-02,0.4726102715252615,0.4997713139138251
2023-03-03,1.1393866397402548,1.0130567603280276
2023-03-06,0.0612457694027516,-0.18336849937157135
2023-03-07,-0.8887785987505002,-1.3284623043461377
2023-03-08,0.17652874105254027,-0.05375831319545054
2023-03-09,-1.1850501075438644,-1.637331481068717
2023-03-10,-1.1681524464180346,-1.212490514657682
2023-03-13,0.3326379343645604,-0.8080910178301688
2023-03-14,1.1984238957778528,1.074768142848534
2023-03-15,-0.11934411623395567,-1.0976336062749044
2023-03-16,1.40222461342424,0.8711810407552326
2023-03-17,-0.44335467107237514,-1.4052409487388529
2023-03-20,0.2766266928375725,0.9690517413163466
2023-03-21,0.9237008602546085,0.9661948534364068
2023-03-22,-0.996885614306029,-1.5433276551190935
2023-03-23,0.4587670068326117,-0.328752337354833
2023-03-24,0.19963841293873694,0.586450468929973
2023-03-27,-0.24829052244623737,0.5815384900504931
2023-03-28,-0.2818647196822854,0.057470657617904986
2023-03-29,0.9373424422756974,0.9955276059600214
2023-03-30,0.42530072678597464,0.31259110371891957
2023-03-31,0.9923822205102936,0.9031582271025611
2023-04-03,0.043629783079469,0.3859306794093847
2023-04-04,-0.29987561054608586,-0.6330270191310476
2023-04-05,-0.6287938018808297,0.18408212715755923
2023-04-06,0.3429036422549914,0.054937190101346546
2023-04-10,-0.03285188238456817,0.24252905407901806
2023-04-11,-0.2669902830856442,0.31038071276490325
2023-04-12,-0.41772508993304636,-0.24071578086235307
2023-04-13,1.1044516025082083,0.5839334830224635
2023-04-14,-0.2571620825607439,-0.09763112725959311
2023-04-17,0.08060276528404337,0.33668144583044907
2023-04-18,0.01979466602727366,0.004890054465559439
2023-04-19,0.009193564543824678,-0.029162969172364262
2023-04-20,-0.3839843888923801,-0.5418071782850558
2023-04-21,0.006791258124919224,0.01977630338272578
2023-04-24,-0.09374125617513268,0.1273025310184337
2023-04-25,-1.2617485720846575,-1.0970425752642263
2023-04-26,0.17461988060578554,-0.8966030727461827
2023-04-27,1.2577116178720287,1.292721281930596
2023-04-28,0.4341991079431421,0.6964742760380922
2023-05-01,-0.043474999025106806,-0.06825941230696209
2023-05-02,-0.6239784448923869,-1.1855253777283465
2023-05-03,-0.36616833809786387,-0.6366898673831636
2023-05-04,-0.3944427702624714,-0.7375146220668386
2023-05-05,1.289078246582962,1.1771907989733557
2023-05-08,0.063512150606911,0.010458816065281819
2023-05-09,-0.33092135369809084,-0.3277302739339391
2023-05-10,0.5638848712516508,-0.0941248651623877
2023-05-11,0.010984888227102101,-0.4094634782910311
2023-05-12,-0.18880628449366446,-0.08449200590055773
2023-05-15,0.1899374633523416,0.32617618235836654
2023-05-16,-0.1989921540482298,-0.9743699334702414
2023-05-17,0.7201084129287335,0.9057813828754058
2023-05-18,0.885836041536215,0.3644077310593426
2023-05-19,-0.2029249420043386,-0.1038893554586996
2023-05-22,0.02744375766613531,0.050311598766169634
2023-05-23,-0.9586647291672512,-0.5681419233869047
2023-05-24,-0.41941626499494405,-0.7184756799529567
2023-05-25,1.120963443239785,-0.4144382746497912
2023-05-26,1.110282654982714,0.5626417579082819
2023-05-30,0.1257315077685744,-0.16559071943535264
2023-05-31,-0.3798298427905768,-0.43444361936643505
2023-06-01,0.6818091387456198,0.5724512926937051
2023-06-02,0.7518278392347576,1.378059140801992
2023-06-05,-0.10936210857273329,-0.2868284175218397
2023-06-06,-0.004423785575998859,0.43573857606313304
2023-06-07,-0.8870810405150458,0.6005028663086606
2023-06-08,0.5554905680683517,0.05912826144227397
2023-06-09,0.18186178639984768,-0.11756927647885072
2023-06-12,0.8717525770146555,0.23066998772123928
2023-06-13,0.36023734987513534,0.5948258174976788
2023-06-14,0.19800868508499067,-0.24797682559088083
2023-06-15,0.7841233459678424,0.914530201116812
2023-06-16,-0.4334191476551934,-0.15428539327007232
2023-06-20,-0.15261064288304965,-0.6580725216692649
2023-06-21,-0.6302575126860918,-0.17018757989085256
2023-06-22,0.5243056805629436,-0.29251634778663926
2023-06-23,-0.6376261002512402,-0.5094820890135671
2023-06-26,-0.7448130473613013,0.3092872266089519
2023-06-27,0.9424974321052432,0.599648343018866
2023-06-28,0.08051868876302574,-0.09231296091431808
2023-06-29,0.023172514356689152,0.5661652847931707
2023-06-30,0.8873246162052378,0.6046005759381372
2023-07-03,-0.10683313229758785,0.26201771857950756
2023-07-05,0.04333226233926633,-0.40631213269522415
2023-07-06,-0.47632908979113403,-0.8328514596964455
2023-07-07,-0.327344483189819,0.06756484561257332
2023-07-10,0.013401792437974161,0.47664110291663003
2023-07-11,0.27550819681198324,0.7779398586094237
2023-07-12,0.6178040149396503,0.2932760263885364
2023-07-13,0.7794848602002528,0.2966628078690427
2023-07-14,0.12215417168432602,-0.5584340839998919
2023-07-17,0.4349275364667994,0.02309709859972243
2023-07-18,0.4947721941053638,0.485942206653434
2023-07-19,-0.04573794758226088,0.3888989054464529
2023-07-20,-1.2234909497997544,0.3913281920069436
2023-07-21,-0.24419980858127885,0.1803245600332283
2023-07-24,0.17106256054081637,0.29086672562151283
2023-07-25,0.3239366783445372,-0.06132755877736192
2023-07-26,-0.1810067379827086,0.2020857875525408
2023-07-27,-0.41168691265991897,-0.6636679101388641
2023-07-28,0.9663675943940886,0.30068077803596066
2023-07-31,0.08590570114871057,0.21158701023828022
2023-08-01,-0.22513572164248677,-0.2787463126931974
2023-08-02,-1.306401257087296,-0.657167607299916
2023-08-03,-0.22459991544052327,-0.27707202953150983
2023-08-04,-0.3558158786900574,-0.2967271688718153
2023-08-07,0.4244856528217044,0.6549274761361957
2023-08-08,-0.3527440198455292,-0.3608281174310751
2023-08-09,-0.7159359714770777,-0.2541802871781037
2023-08-10,0.045964257301690965,-0.11833421554900835
2023-08-11,-0.3145213878007313,0.18707779530388724
2023-08-14,0.6542321681418283,-0.07592460052564304
2023-08-15,-0.6609244533448748,-1.03567478167148
2023-08-16,-0.5788345254128652,-0.5446868020863306
2023-08-17,-0.753832921264052,-0.3748644775793908
2023-08-18,-0.12769978200975654,0.11034803882246823
2023-08-21,0.824816195398756,-0.134896098748179
2023-08-22,-0.09338788298707125,-0.38119924367373936
2023-08-23,0.9006906832190259,0.50080189095229
2023-08-24,-1.2401888863934094,-0.6994297478662733
2023-08-25,0.47009389744699037,0.42965215735915596
2023-08-28,0.40491663844458087,0.42693744510990356
2023-08-29,1.1910814898984101,0.6854826965427101
2023-08-30,0.3773692555557921,0.17457258266154396
2023-08-31,0.03443671803530905,-0.3038318202194624
2023-09-01,-0.025172705823117498,0.3874959468930572
2023-09-05,0.00914786658049314,-0.8979358276762762
2023-09-06,-0.7055136216047085,-0.2730487554462931
2023-09-07,-0.28652528655075843,-0.07703383117879875
2023-09-08,-0.013321913247011928,0.05715945804644691
2023-09-11,0.6528365893923026,0.15745661216672902
2023-09-12,-0.7768945686071265,0.07598075906980291
2023-09-13,0.15568538575423826,-0.22499128934301513
2023-09-14,0.3806066281668205,0.8319953366575168
2023-09-15,-1.0575939148193554,-0.5845627133841911
2023-09-18,0.00785096166562084,-0.09105932083797069
2023-09-19,-0.16249836016107497,-0.21534268997509765
2023-09-20,-0.9373275178641589,-0.31177326458478144
2023-09-21,-1.2436083220544685,-1.1462405617786662
2023-09-22,-0.11348685759278994,-0.3514417226569037
2023-09-25,0.29383582583372453,0.1955660832998571
2023-09-26,-1.078876509096829,-0.9849729244880225
2023-09-27,0.06898651506680459,-0.009398659130335035
2023-09-28,0.4334668010880559,0.35759259166722457
2023-09-29,-0.09926727242660484,-0.37636723838564357
2023-10-02,0.5050073672879879,-0.874043902313579
2023-10-03,-1.2088087411770798,-0.843027522926403
2023-10-04,0.8324919081756852,0.11782781165710625
2023-10-05,-0.038655600252189476,-0.18676591485439448
2023-10-06,1.0111803791175746,0.5377779324824974
2023-10-09,0.2695718732748527,0.5586571136452407
2023-10-10,0.26572396214828314,0.5492197074805292
2023-10-11,0.4748249769876791,-0.08892450966459216
2023-10-12,-0.368983888027413,-0.8040505421155103
2023-10-13,-0.6709795009208467,-0.03435802396506047
2023-10-16,0.687239169950434,0.7953190633367073
2023-10-17,-0.20774821761494325,0.29313237042616547
2023-10-18,-1.0213131916357305,-1.0408616074135648
2023-10-19,-0.5825029523937766,-0.7654303753850312
2023-10-20,-0.9617353009445728,-0.8137195888859177
2023-10-23,0.1271136611893177,-0.6205298057831892
2023-10-24,0.5355604111181826,0.44894823721479127
2023-10-25,-1.3986585320418383,-0.6783918750756638
2023-10-26,-1.309554597495528,-0.1122869830161664
2023-10-27,0.0895126471500082,-1.0777210179778134
2023-10-30,0.8576716075948585,0.7073234670097414
2023-10-31,0.2081688733002524,0.6642477432602335
2023-11-01,0.9534622383355681,0.34071831350236187
2023-11-02,1.1195192536377494,1.4686613789747598
2023-11-03,0.5751028430276872,0.8555093330017437
2023-11-06,0.3281131460093843,-0.38797353677344504
2023-11-07,0.5680353647241497,-0.3696804752163671
2023-11-08,0.22081367924165243,-0.2554459382901374
2023-11-09,-0.6127874450295864,-0.6306159126634593
2023-11-10,1.19100682837968,0.7528848456274894
2023-11-13,-0.1145006698075111,-0.05443218100377336
2023-11-14,1.225362264779885,1.6202097483502387
2023-11-15,-0.041209598231574704,0.3776226024539164
2023-11-16,0.13158613696931246,-0.274026348472824
2023-11-17,-0.06588459675816358,0.36216960707940793
2023-11-20,0.6323867052180089,0.24359439848343592
2023-11-21,-0.23457546362879592,-0.12649480499151408
2023-11-22,0.2496221123383215,0.2963576172329445
2023-11-24,-0.12105295074197317,0.23221313756153547
2023-11-27,-0.11893541391030542,-0.20328310861149335
2023-11-28,0.10735087972441032,-0.08245856277797535
2023-11-29,-0.17210713816920084,0.19831798846623114
2023-11-30,-0.01684300586685123,0.6253156246570591
2023-12-01,0.20238374348870333,0.8000779617784654
2023-12-04,-0.5918312996111469,-0.000616345613638831
2023-12-05,0.27899789163623445,-0.6236651709783252
2023-12-06,-0.4306362598207681,-0.1772665367880038
2023-12-07,0.7152973965615035,0.19549196747744113
2023-12-08,0.27993374357797485,0.28044738102258293
2023-12-11,0.031098163501041998,0.5673773475425646
2023-12-12,0.4565514914895514,-0.033746965522601514
2023-12-13,0.7262744669037662,1.2846468024350355
2023-12-14,-0.1833368164753378,1.0204511573596589
2023-12-15,0.17155437480324695,-0.5011707809811976
2023-12-18,0.37806996047213065,0.053831393972997216
2023-12-19,0.2523208996215383,0.6527073988153611
2023-12-20,-0.8733448424603685,-1.2978551226142347
2023-12-21,0.6040455020134308,0.7450731975884313
2023-12-22,0.009836138564782096,0.27024239808219624
2023-12-26,0.18206665933061741,0.40622436693962755
2023-12-27,0.01597819829240262,0.08523385799518547
2023-12-28,-0.026504019383000777,0.08504636604937325
2023-12-29,-0.2644924078309531,-0.22950010383046368
2024-01-02,-1.0086712488804732,0.24006756776944765
2024-01-03,-0.6775937274378769,-0.7099731967107236
2024-01-04,-0.332186958872476,-0.13918484116325228
2024-01-05,0.031014898726607603,0.200702606509799
2024-01-08,1.2656569164351943,0.5239135317148019
2024-01-09,0.14079694851697633,-0.4625707078603712
2024-01-10,0.6206210011002709,-0.03805248552582847
2024-01-11,0.04752683791102575,-0.304160442586488
2024-01-12,0.02837002534822761,-0.05649167124075734
2024-01-16,-0.13224133945285865,-0.5688772462923413
2024-01-17,-0.3402955486387837,-0.5261951983386883
2024-01-18,0.8198240168202396,0.22240565236537335
2024-01-19,0.8725448897717512,0.6281338935758862
2024-01-22,0.16290659705854296,0.2608145371612527
2024-01-23,0.1191054385687993,0.12242599501524391
2024-01-24,0.20063814624294948,-0.3410739352114029
2024-01-25,0.03838118877672981,0.7446254647435999
2024-01-26,-0.12123087227745706,0.012107823726363412
2024-01-29,0.6367828353587787,0.34346271356298574
2024-01-30,-0.30128152461092417,0.20182930205594504
2024-01-31,-1.4292412754704371,-0.8187540571217884
2024-02-01,0.9014211519235755,0.6933197714884161
2024-02-02,1.222015518744165,-0.09666230029998887
2024-02-05,-0.10173903792658806,-0.733496664940572
2024-02-06,0.032874988503919386,0.4265162101294198
2024-02-07,0.7784435185803711,0.17520202210739205
2024-02-08,0.06941382628717105,0.08428681728553754
2024-02-09,0.6101916368543082,0.02541667835562018
2024-02-12,-0.34586214210971694,0.4621417053464694
2024-02-13,-0.9771763703573401,-1.173400871854804
2024-02-14,0.7246927106743971,0.5840897663949678
2024-02-15,0.06889921447546657,0.9595603727712504
2024-02-16,-0.44854480770494165,-0.23438624117606208
2024-02-20,-0.6929130523500505,-0.12283409521836453
2024-02-21,-0.21387853589679692,0.3244451730144644
2024-02-22,1.888627964274661,0.5799834562890411
2024-02-23,-0.11170103094234378,0.17899045134292194
2024-02-26,-0.18406387726221357,-0.3693559163364553
2024-02-27,0.04053196940510479,0.18378212572926725
2024-02-28,-0.2879582330251424,0.015480310419453566
2024-02-29,0.2985296211613543,0.2007356442417419
2024-03-01,0.733420976940593,0.3668149342908772
2024-03-04,-0.3117167336616703,0.22513175601219185
2024-03-05,-1.0746514815891006,-0.2781283137633732
2024-03-06,0.30339289571057854,0.4127793903728481
2024-03-07,0.8242776763022651,0.3799291893591781
2024-03-08,-0.782374564180514,-0.02864614748615715
2024-03-11,-0.3347545785339622,0.20510435853553738
2024-03-12,1.0406780959451642,0.15699941856934377
2024-03-13,-0.3002348716068837,0.10062624088196263
2024-03-14,0.00487169718849162,-0.6206855113864453
2024-03-15,-0.7861157182572571,-0.054687137080487176
2024-03-18,0.5152696038297953,0.1361134283236546
2024-03-19,0.37580139016117375,0.3386473289172966
2024-03-20,0.6709130067794785,0.6365956742175723
2024-03-21,0.012583789921577694,0.46760834736898266
2024-03-22,0.013652275634917232,-0.44758228071691425
2024-03-25,-0.29335163087985267,-0.11441820146762904
2024-03-26,-0.26747363183933426,-0.08013520931646728
2024-03-27,0.22255578894482553,1.2071324214053356
2024-03-28,-0.2098620414352456,0.21621553118165351
2024-04-01,-0.0817835773772724,-0.3917258188443233
2024-04-02,-0.6092686212905364,-0.4999647947901903
2024-04-03,0.13219150260496249,0.04381524706728774
2024-04-04,-0.9559082425914261,-0.7685956097633122
2024-04-05,0.8438914370812689,0.49405276588527364
2024-04-08,-0.03576793316060189,0.09086791305848382
2024-04-09,0.02397733543468904,0.09496538633612425
2024-04-10,-0.5151792227986128,-1.1088459240419193
2024-04-11,0.8697288785590894,-0.1323212577554751
2024-04-12,-0.9605714092197906,-1.1964762341442594
2024-04-15,-1.1413303690728476,-0.5575447098333206
2024-04-16,-0.041510472732562836,-0.43229640014642684
2024-04-17,-0.5944847925668424,-0.15782425918828505
2024-04-18,-0.3947778422384391,0.05138618683623363
2024-04-19,-1.3229853792649477,0.41052213034519375
2024-04-22,0.5964142687967504,0.605746512530493
2024-04-23,0.9056315969067986,0.7092529677891638
2024-04-24,-0.031525291063285985,-0.04169938751258711
2024-04-25,-0.45102371158794896,-0.207065575149084
2024-04-26,1.136115230519026,-0.08970173208222516
2024-04-29,0.04304817742552894,0.32374511002401246
2024-04-30,-1.1514532444187537,-1.051275878901294
2024-05-01,-0.27781511727878877,-0.1432166022750867
2024-05-02,0.7482303445457984,0.35814610364707755
2024-05-03,1.1076541757197464,0.42157887882046235
2024-05-06,0.796034341816768,0.5618512068819297
2024-05-07,-0.07616204248705359,0.1484752419784525
2024-05-08,-0.13582631660114391,0.053347509441904556
2024-05-09,0.1545489414566654,0.6537175450187481
2024-05-10,0.04285163374772099,0.08667682114480267
2024-05-13,-0.0070589148871361244,-0.10539760281640698
2024-05-14,0.28332502399811993,0.2825328413727091
2024-05-15,0.9890766578296439,0.5434673347998517
2024-05-16,-0.24640277554560666,-0.10876498517217444
2024-05-17,-0.05853209770493429,0.18246615931267407
2024-05-20,0.30570867719730416,-0.28604745778623536
2024-05-21,0.09679039548232218,0.08557125786595543
2024-05-22,-0.28305201817535713,-0.26115983714032154
2024-05-23,-0.22185709591448968,-1.1209477448644252
2024-05-24,0.47715278039235287,0.3957406458380268
2024-05-28,0.24128078861822386,-0.5002547788895376
2024-05-29,-0.3412854105208314,-0.8808207869731034
2024-05-30,-0.899848133375385,0.37920529724819685
2024-05-31,0.12456008934116172,1.1691836188561713
2024-06-03,0.29503412904575216,-0.515731455026222
2024-06-04,0.16066570026253205,-0.32501781350764003
2024-06-05,1.0816484314137018,0.31926164294222137
2024-06-06,0.04466231045791944,-0.14867167777370377
2024-06-07,-0.12793751663375105,-0.1746760658559916
2024-06-10,0.2059268947039258,0.16895947216357335
2024-06-11,0.5440683326257649,-0.5259529813678502
2024-06-12,0.7972167688620002,0.1013051717815616
2024-06-13,0.27120057682748894,-0.28008232660111276
2024-06-14,0.17732585666742698,-0.4467361276264755
2024-06-17,0.58801347472246,0.3720512813853628
2024-06-18,0.07258642146846864,0.26618674499649503
2024-06-20,-0.48424641908942306,0.1960741790388545
2024-06-21,-0.18692618959399382,-0.03293903799808976
2024-06-24,-0.677786700429788,0.5988421591508211
2024-06-25,0.6758828948935595,-0.5784334206395668
2024-06-26,0.2973663587531276,-0.3397091395421945
2024-06-27,0.09728644618829516,-0.011321837373124114
2024-06-28,-0.5233065182782519,0.040593073586887164
2024-07-01,0.5592714607183283,-0.5059177781820068
2024-07-02,0.48760868459449647,0.2710911178472819
2024-07-03,0.512608943025636,-0.019973439742279324
2024-07-05,0.6120970620920582,-0.1371130309678291
2024-07-08,0.03161441565137037,0.06247839780417091
2024-07-09,0.04344938624871906,-0.037313903602679166
2024-07-10,0.6021943236045337,0.6880322363628536
2024-07-11,-1.4257150382716475,0.8004754046573141
2024-07-12,0.33099346087966774,0.4544498467153196
2024-07-15,0.151494353061335,0.245504274627516
2024-07-16,-0.13063016613055126,1.2608370298748708
2024-07-17,-1.8977589111884894,0.14099535137790314
2024-07-18,-0.5505076710914932,-0.750216975946065
2024-07-19,-0.4366440105184774,-0.5261389498720397
2024-07-22,0.9622287282068843,0.373242845731081
2024-07-23,0.03905175044260751,-0.32960957210743685
2024-07-24,-2.5406352881561323,-0.5457498099632557
2024-07-25,-0.7034211223908866,0.27469877999091585
2024-07-26,0.49416090831394954,1.0150772484316857
2024-07-29,0.06971224613409871,-0.05748708623168626
2024-07-30,-0.9416834462234389,0.4140494939867632
2024-07-31,1.645189453351869,0.13633046948445404
2024-08-01,-1.2254726490869923,-0.8226436029385568
2024-08-02,-1.4479035338685426,-1.3245588402331128
2024-08-05,-2.353779232607662,-1.8614592965666583
2024-08-06,0.7947230157821906,0.6059574598867051
2024-08-07,-0.76125681543856,-0.3387908553373496
2024-08-08,1.8569261061208917,1.247030284211595
2024-08-09,0.5304761619505414,0.05206283258915893
2024-08-12,0.14671913787012458,-0.35153855479235346
2024-08-13,1.4181431017776187,0.7004656398002554
2024-08-14,0.15824129337709977,0.26199648984374835
2024-08-15,1.3050073832312492,0.9111406723080457
2024-08-16,0.03998860833212719,0.19534532716504913
2024-08-19,0.7589836162941793,0.5487423367544343
2024-08-20,-0.12064020480282206,-0.34533403942567803
2024-08-21,0.22620324212062606,0.3747081535231541
2024-08-22,-0.9958655173173647,-0.19682028487588052
2024-08-23,0.6936160860231515,0.9399873480465932
2024-08-26,-0.4674178283532548,0.07307206280856836
2024-08-27,0.09227114996017008,-0.012152273971145062
2024-08-28,-0.6717408630364232,-0.16227759103500175
2024-08-29,-0.2501061818750854,0.3645968109764128
2024-08-30,0.6132955104936157,0.607418058005733
2024-09-03,-1.9559066767113502,-0.9759163268046205
2024-09-04,-0.22747395638159354,-0.052730967458523036
2024-09-05,0.023986031660977243,-0.6193106325808637
2024-09-06,-1.5237519320739328,-0.7767764896996346
2024-09-09,0.7460603444891831,0.7281586061067944
2024-09-10,0.5633842419711422,-0.17174241804515944
2024-09-11,1.3054669711141857,-0.1186535846654687
2024-09-12,0.6691979087366151,0.31559837118630474
2024-09-13,0.2580652643794274,0.5901961788101375
2024-09-16,-0.26375745119640437,0.5570785824402125
2024-09-17,0.025328744087313896,-0.01625946222581002
2024-09-18,-0.26604053115315524,-0.16116629352224282
2024-09-19,1.4588677823536138,0.7372908709584178
2024-09-20,-0.09882105700129722,-0.24797456553840852
2024-09-23,0.027427761773788674,0.3189211745611608
2024-09-24,0.21352909839381887,0.01151976316375603
2024-09-25,0.05093529998960418,-0.5330374926140612
2024-09-26,0.07519428938128432,0.49762093428470394
2024-09-27,-0.38460320542517196,0.25125303699108975
2024-09-30,0.25812277212451473,0.17872005754352405
2024-10-01,-0.9333515207711353,-0.319080168044709
2024-10-02,0.005315004736835722,-0.0322982734273028
2024-10-03,-0.010387345849551229,-0.34430994874674503
2024-10-04,0.6561096848838105,0.5268605996126767
2024-10-07,-0.7465378642315746,-0.5354079568909378
2024-10-08,0.9945652738437376,0.05578077124301076
2024-10-09,0.40556426767872944,0.510098191774772
2024-10-10,-0.05538320109028582,-0.27110730515333137
2024-10-11,0.08403808683344076,0.8241316967858879
2024-10-14,0.5583559541362455,0.474738751570433
2024-10-15,-0.6622938426112641,-0.33041519836171224
2024-10-16,0.01425727376157363,0.5671634652764624
2024-10-17,0.041343922086712094,-0.11020313254351814
2024-10-18,0.30646420288592086,0.15905173014577065
2024-10-21,0.18541039460251718,-0.7053832634121204
2024-10-22,0.013621032893771274,-0.2566497292835745
2024-10-23,-1.0346579116427177,-0.16642790968935228
2024-10-24,0.3947883385420302,-0.19046674928782614
2024-10-25,0.2150372779155366,-0.5289416973175273
2024-10-28,0.10473413769614906,0.4248523670184885
2024-10-29,0.4926401302029077,-0.4415815952459865
2024-10-30,-0.33275701042953626,-0.11204139163354059
2024-10-31,-1.9414207427087313,-0.6050482466991239
2024-11-01,0.4465512507951276,0.0038275942880271695
2024-11-04,-0.2562276589514108,-0.10472957505461118
2024-11-05,0.8491121424653838,0.7800812910243928
2024-11-06,1.601484078454275,2.0371609149456975
2024-11-07,1.0525392394121977,-0.2065824930086011
2024-11-08,0.16897595554906106,0.3668526415258141
2024-11-11,-0.06776795359832365,0.39554899565521623
2024-11-12,0.00671838260458601,-0.5833633019820177
2024-11-13,-0.11149200550712132,0.03372127647670656
2024-11-14,-0.4612027335149157,-0.536474291413929
2024-11-15,-1.4030063983989924,-0.3246893716553432
2024-11-18,0.20750730044155738,0.31888294215192364
2024-11-19,0.6725149182123572,-0.28546850820392144
2024-11-20,-0.14855053452344366,0.23295033221227845
2024-11-21,0.11408427035058158,0.8231054566672961
2024-11-22,0.022063437230977898,0.5888399221008412
2024-11-25,-0.012363151339116363,0.5308681038633186
2024-11-26,0.5528439755257116,-0.04325801096658382
2024-11-27,-0.47142238316611185,0.05144703429547603
2024-11-29,0.4509295504666739,0.15341586828493592
2024-12-02,0.5146666703886229,-0.4713035557272
2024-12-03,0.33447430343968093,-0.4090217411236526
2024-12-04,0.8666390255923617,-0.11219666974012922
2024-12-05,-0.08284598391702386,-0.32310545597357604
2024-12-06,0.44149041237263104,-0.28192879989073744
2024-12-09,-0.46545546395368514,-0.4956611290049695
2024-12-10,-0.2184068046577087,-0.3739154888891203
2024-12-11,1.0301398546836273,-0.18021309296978302
2024-12-12,-0.44360366680414853,-0.3488509402499022
2024-12-13,0.07666809526791385,-0.23621069581429902
2024-12-16,0.7158831767110437,-0.39853414020368216
2024-12-17,-0.2650131760176685,-0.5540996608989995
2024-12-18,-2.269566608305392,-2.0458496757211257
2024-12-19,-0.03706734581724886,-0.2504728220992375
2024-12-20,0.6494948904578537,0.9210588301515814
2024-12-23,0.6060756032106678,0.09354603305942931
2024-12-24,0.781052941679313,0.5944197286314868
2024-12-26,-0.13956918778833988,0.10446234195272469
2024-12-27,-0.9856029184823382,-0.4961994989964068
2024-12-30,-0.8177117179131141,-0.7806092948688336
2024-12-31,-0.6226823197980194,0.17159564754302944
